id,name,score1,score2
1,student_1,50,66
2,student_2,84,90
3,student_3,79,80
4,student_4,69,50
5,student_5,69,92
6,student_6,92,63
7,student_7,76,99
8,student_8,58,83
9,student_9,99,99
10,student_10,68,79
11,student_11,83,54
12,student_12,79,55
13,student_13,83,92
14,student_14,96,74
15,student_15,76,58
16,student_16,96,100
17,student_17,59,81
18,student_18,62,99
19,student_19,67,51
20,student_20,73,80
21,student_21,75,64
22,student_22,57,86
23,student_23,55,50
24,student_24,85,66
25,student_25,96,99
26,student_26,52,94
27,student_27,79,86
28,student_28,89,52
29,student_29,86,81
30,student_30,74,60
31,student_31,58,97
32,student_32,67,85
33,student_33,52,60
34,student_34,89,84
35,student_35,65,52
36,student_36,50,58
37,student_37,53,94
38,student_38,95,70
39,student_39,66,99
40,student_40,75,57
41,student_41,70,91
42,student_42,85,97
43,student_43,50,99
44,student_44,60,63
45,student_45,58,53
46,student_46,89,56
47,student_47,82,79
48,student_48,82,70
49,student_49,52,86
50,student_50,52,65
51,student_51,56,68
52,student_52,84,70
53,student_53,79,88
54,student_54,54,79
55,student_55,75,82
56,student_56,51,100
57,student_57,76,78
58,student_58,51,80
59,student_59,57,61
60,student_60,79,84
61,student_61,56,86
62,student_62,84,97
63,student_63,65,61
64,student_64,93,57
65,student_65,93,55
66,student_66,75,70
67,student_67,78,56
68,student_68,83,84
69,student_69,80,77
70,student_70,89,67
71,student_71,73,52
72,student_72,98,69
73,student_73,91,86
74,student_74,86,73
75,student_75,95,97
76,student_76,57,92
77,student_77,60,72
78,student_78,66,88
79,student_79,59,77
80,student_80,92,70
81,student_81,84,60
82,student_82,75,69
83,student_83,63,57
84,student_84,71,66
85,student_85,88,67
86,student_86,67,75
87,student_87,100,60
88,student_88,72,69
89,student_89,60,63
90,student_90,87,78
91,student_91,100,77
92,student_92,68,52
93,student_93,50,98
94,student_94,79,85
95,student_95,57,58
96,student_96,73,63
97,student_97,58,68
98,student_98,63,87
99,student_99,74,88
100,student_100,74,77
101,student_101,98,92
102,student_102,85,80
103,student_103,96,53
104,student_104,83,97
105,student_105,64,93
106,student_106,68,75
107,student_107,64,50
108,student_108,69,52
109,student_109,75,99
110,student_110,66,80
111,student_111,81,83
112,student_112,100,77
113,student_113,88,88
114,student_114,60,62
115,student_115,50,57
116,student_116,51,79
117,student_117,63,50
118,student_118,88,76
119,student_119,92,90
120,student_120,73,90
121,student_121,64,68
122,student_122,74,59
123,student_123,59,80
124,student_124,89,90
125,student_125,72,55
126,student_126,85,76
127,student_127,96,67
128,student_128,87,70
129,student_129,68,73
130,student_130,76,84
131,student_131,74,59
132,student_132,74,52
133,student_133,93,74
134,student_134,58,70
135,student_135,76,59
136,student_136,97,83
137,student_137,75,71
138,student_138,59,95
139,student_139,88,86
140,student_140,78,69
141,student_141,51,95
142,student_142,84,89
143,student_143,75,93
144,student_144,69,50
145,student_145,93,68
146,student_146,82,84
147,student_147,69,72
148,student_148,75,52
149,student_149,96,80
150,student_150,88,78
151,student_151,62,65
152,student_152,81,62
153,student_153,93,89
154,student_154,81,99
155,student_155,90,92
156,student_156,72,55
157,student_157,100,65
158,student_158,73,75
159,student_159,72,85
160,student_160,60,50
161,student_161,92,88
162,student_162,77,86
163,student_163,99,93
164,student_164,67,64
165,student_165,70,96
166,student_166,55,76
167,student_167,94,74
168,student_168,85,92
169,student_169,59,86
170,student_170,86,85
171,student_171,54,65
172,student_172,58,92
173,student_173,68,83
174,student_174,68,93
175,student_175,90,91
176,student_176,88,59
177,student_177,68,60
178,student_178,100,74
179,student_179,96,80
180,student_180,83,66
181,student_181,71,61
182,student_182,90,52
183,student_183,74,59
184,student_184,72,80
185,student_185,50,94
186,student_186,56,86
187,student_187,97,76
188,student_188,80,65
189,student_189,94,86
190,student_190,97,58
191,student_191,83,79
192,student_192,89,83
193,student_193,80,96
194,student_194,94,88
195,student_195,54,65
196,student_196,52,51
197,student_197,63,78
198,student_198,86,84
199,student_199,76,67
200,student_200,88,86
201,student_201,67,55
202,student_202,54,70
203,student_203,76,100
204,student_204,73,97
205,student_205,76,53
206,student_206,64,65
207,student_207,74,79
208,student_208,90,59
209,student_209,92,81
210,student_210,99,75
211,student_211,79,54
212,student_212,77,52
213,student_213,50,96
214,student_214,76,80
215,student_215,82,54
216,student_216,93,85
217,student_217,89,55
218,student_218,98,68
219,student_219,100,71
220,student_220,98,51
221,student_221,65,94
222,student_222,73,100
223,student_223,88,72
224,student_224,56,98
225,student_225,53,80
226,student_226,80,88
227,student_227,60,75
228,student_228,69,62
229,student_229,51,69
230,student_230,61,91
231,student_231,71,89
232,student_232,71,60
233,student_233,50,95
234,student_234,99,55
235,student_235,59,99
236,student_236,58,98
237,student_237,100,56
238,student_238,98,54
239,student_239,58,66
240,student_240,74,96
241,student_241,68,85
242,student_242,53,59
243,student_243,82,87
244,student_244,69,61
245,student_245,55,66
246,student_246,96,76
247,student_247,95,83
248,student_248,87,77
249,student_249,80,98
250,student_250,84,80
251,student_251,56,88
252,student_252,71,76
253,student_253,81,67
254,student_254,65,95
255,student_255,54,56
256,student_256,55,83
257,student_257,96,77
258,student_258,66,68
259,student_259,74,73
260,student_260,65,94
261,student_261,90,78
262,student_262,83,74
263,student_263,94,58
264,student_264,87,80
265,student_265,94,82
266,student_266,60,62
267,student_267,98,84
268,student_268,82,87
269,student_269,63,55
270,student_270,73,96
271,student_271,72,54
272,student_272,65,78
273,student_273,57,96
274,student_274,73,59
275,student_275,78,91
276,student_276,82,88
277,student_277,61,64
278,student_278,60,97
279,student_279,71,77
280,student_280,100,72
281,student_281,98,99
282,student_282,73,70
283,student_283,68,51
284,student_284,100,77
285,student_285,93,84
286,student_286,94,68
287,student_287,67,79
288,student_288,64,74
289,student_289,76,75
290,student_290,84,96
291,student_291,77,83
292,student_292,67,97
293,student_293,70,98
294,student_294,96,87
295,student_295,87,59
296,student_296,93,100
297,student_297,71,98
298,student_298,64,79
299,student_299,99,94
300,student_300,74,79
301,student_301,55,92
302,student_302,96,100
303,student_303,88,58
304,student_304,72,69
305,student_305,61,57
306,student_306,52,70
307,student_307,79,81
308,student_308,90,52
309,student_309,50,82
310,student_310,58,62
311,student_311,74,86
312,student_312,75,65
313,student_313,74,60
314,student_314,65,52
315,student_315,87,75
316,student_316,68,81
317,student_317,77,54
318,student_318,72,84
319,student_319,62,63
320,student_320,78,68
321,student_321,92,75
322,student_322,73,58
323,student_323,54,64
324,student_324,74,74
325,student_325,68,95
326,student_326,89,86
327,student_327,96,60
328,student_328,88,78
329,student_329,79,92
330,student_330,74,98
331,student_331,61,96
332,student_332,92,50
333,student_333,90,94
334,student_334,54,60
335,student_335,79,92
336,student_336,72,73
337,student_337,72,72
338,student_338,94,57
339,student_339,53,61
340,student_340,86,64
341,student_341,61,88
342,student_342,77,85
343,student_343,68,78
344,student_344,75,86
345,student_345,74,71
346,student_346,56,72
347,student_347,88,80
348,student_348,76,86
349,student_349,61,92
350,student_350,75,90
351,student_351,60,79
352,student_352,70,81
353,student_353,57,93
354,student_354,100,90
355,student_355,55,54
356,student_356,60,52
357,student_357,62,56
358,student_358,73,63
359,student_359,73,67
360,student_360,95,92
361,student_361,53,50
362,student_362,56,98
363,student_363,62,63
364,student_364,69,70
365,student_365,89,55
366,student_366,50,83
367,student_367,77,93
368,student_368,91,57
369,student_369,63,65
370,student_370,53,98
371,student_371,88,96
372,student_372,71,65
373,student_373,64,74
374,student_374,64,98
375,student_375,54,91
376,student_376,58,68
377,student_377,100,50
378,student_378,91,99
379,student_379,55,59
380,student_380,75,65
381,student_381,94,50
382,student_382,96,86
383,student_383,81,92
384,student_384,57,75
385,student_385,66,59
386,student_386,52,73
387,student_387,67,55
388,student_388,61,72
389,student_389,67,76
390,student_390,88,98
391,student_391,65,89
392,student_392,61,76
393,student_393,69,65
394,student_394,97,64
395,student_395,96,59
396,student_396,100,91
397,student_397,55,55
398,student_398,72,56
399,student_399,70,98
400,student_400,93,59
401,student_401,94,86
402,student_402,93,55
403,student_403,88,52
404,student_404,72,52
405,student_405,85,51
406,student_406,67,60
407,student_407,54,96
408,student_408,73,64
409,student_409,70,97
410,student_410,75,70
411,student_411,53,83
412,student_412,100,72
413,student_413,94,95
414,student_414,99,72
415,student_415,87,54
416,student_416,57,73
417,student_417,95,77
418,student_418,67,95
419,student_419,89,50
420,student_420,87,76
421,student_421,75,81
422,student_422,71,88
423,student_423,89,80
424,student_424,75,59
425,student_425,87,73
426,student_426,62,56
427,student_427,92,76
428,student_428,89,85
429,student_429,74,93
430,student_430,79,67
431,student_431,56,55
432,student_432,56,56
433,student_433,63,96
434,student_434,60,82
435,student_435,74,76
436,student_436,50,79
437,student_437,75,100
438,student_438,80,92
439,student_439,50,61
440,student_440,73,94
441,student_441,95,61
442,student_442,59,90
443,student_443,62,65
444,student_444,55,82
445,student_445,66,79
446,student_446,71,93
447,student_447,92,75
448,student_448,86,79
449,student_449,68,91
450,student_450,54,84
451,student_451,84,58
452,student_452,66,97
453,student_453,93,73
454,student_454,80,62
455,student_455,86,86
456,student_456,81,68
457,student_457,86,75
458,student_458,92,69
459,student_459,97,55
460,student_460,79,54
461,student_461,56,80
462,student_462,52,60
463,student_463,60,72
464,student_464,51,71
465,student_465,94,74
466,student_466,65,80
467,student_467,59,92
468,student_468,79,96
469,student_469,100,62
470,student_470,95,79
471,student_471,65,61
472,student_472,64,75
473,student_473,60,86
474,student_474,64,99
475,student_475,88,60
476,student_476,81,85
477,student_477,71,63
478,student_478,84,85
479,student_479,75,63
480,student_480,86,89
481,student_481,100,78
482,student_482,74,75
483,student_483,91,82
484,student_484,61,57
485,student_485,98,67
486,student_486,57,91
487,student_487,82,73
488,student_488,70,89
489,student_489,62,53
490,student_490,82,79
491,student_491,64,60
492,student_492,96,80
493,student_493,75,69
494,student_494,74,66
495,student_495,85,63
496,student_496,73,81
497,student_497,86,87
498,student_498,76,71
499,student_499,84,95
500,student_500,61,81
501,student_501,77,61
502,student_502,73,81
503,student_503,58,56
504,student_504,72,81
505,student_505,87,80
506,student_506,73,88
507,student_507,87,86
508,student_508,72,83
509,student_509,70,91
510,student_510,79,87
511,student_511,53,91
512,student_512,59,96
513,student_513,65,84
514,student_514,64,86
515,student_515,70,65
516,student_516,93,71
517,student_517,90,100
518,student_518,99,64
519,student_519,84,96
520,student_520,72,60
521,student_521,50,70
522,student_522,89,73
523,student_523,87,68
524,student_524,76,82
525,student_525,79,81
526,student_526,94,98
527,student_527,76,96
528,student_528,100,72
529,student_529,61,66
530,student_530,51,76
531,student_531,67,79
532,student_532,54,62
533,student_533,64,59
534,student_534,81,87
535,student_535,100,88
536,student_536,65,89
537,student_537,92,99
538,student_538,52,70
539,student_539,68,50
540,student_540,93,86
541,student_541,65,72
542,student_542,93,92
543,student_543,84,97
544,student_544,99,93
545,student_545,89,63
546,student_546,95,72
547,student_547,53,51
548,student_548,81,70
549,student_549,74,62
550,student_550,97,73
551,student_551,94,76
552,student_552,98,61
553,student_553,58,55
554,student_554,78,53
555,student_555,78,60
556,student_556,83,100
557,student_557,88,99
558,student_558,93,85
559,student_559,73,95
560,student_560,89,57
561,student_561,86,63
562,student_562,53,70
563,student_563,54,51
564,student_564,100,50
565,student_565,51,53
566,student_566,100,54
567,student_567,68,89
568,student_568,95,80
569,student_569,74,62
570,student_570,60,84
571,student_571,100,61
572,student_572,70,72
573,student_573,86,87
574,student_574,71,68
575,student_575,51,60
576,student_576,53,65
577,student_577,50,75
578,student_578,74,90
579,student_579,56,86
580,student_580,83,79
581,student_581,95,72
582,student_582,96,83
583,student_583,64,59
584,student_584,79,88
585,student_585,64,76
586,student_586,64,71
587,student_587,87,97
588,student_588,72,64
589,student_589,90,96
590,student_590,72,61
591,student_591,94,68
592,student_592,95,95
593,student_593,86,84
594,student_594,79,84
595,student_595,61,60
596,student_596,70,95
597,student_597,69,84
598,student_598,100,69
599,student_599,81,73
600,student_600,78,96
601,student_601,59,84
602,student_602,64,66
603,student_603,67,85
604,student_604,55,66
605,student_605,97,86
606,student_606,61,89
607,student_607,85,63
608,student_608,53,93
609,student_609,63,98
610,student_610,98,95
611,student_611,80,77
612,student_612,51,92
613,student_613,74,64
614,student_614,88,61
615,student_615,74,66
616,student_616,70,92
617,student_617,53,93
618,student_618,94,60
619,student_619,96,74
620,student_620,61,84
621,student_621,93,90
622,student_622,86,96
623,student_623,55,60
624,student_624,96,74
625,student_625,85,61
626,student_626,89,50
627,student_627,67,94
628,student_628,85,76
629,student_629,70,88
630,student_630,75,81
631,student_631,75,83
632,student_632,56,92
633,student_633,54,94
634,student_634,55,74
635,student_635,58,95
636,student_636,65,90
637,student_637,78,66
638,student_638,78,75
639,student_639,59,68
640,student_640,64,84
641,student_641,86,53
642,student_642,70,62
643,student_643,88,84
644,student_644,94,99
645,student_645,65,63
646,student_646,52,58
647,student_647,70,54
648,student_648,88,89
649,student_649,54,92
650,student_650,70,95
651,student_651,53,89
652,student_652,65,79
653,student_653,94,53
654,student_654,56,95
655,student_655,58,60
656,student_656,58,96
657,student_657,77,53
658,student_658,51,60
659,student_659,82,53
660,student_660,69,89
661,student_661,50,54
662,student_662,72,73
663,student_663,93,93
664,student_664,91,56
665,student_665,54,94
666,student_666,51,99
667,student_667,100,62
668,student_668,95,81
669,student_669,80,86
670,student_670,67,89
671,student_671,90,74
672,student_672,85,88
673,student_673,77,74
674,student_674,79,87
675,student_675,64,79
676,student_676,94,84
677,student_677,62,71
678,student_678,81,58
679,student_679,75,96
680,student_680,91,87
681,student_681,54,88
682,student_682,79,59
683,student_683,54,71
684,student_684,85,85
685,student_685,78,77
686,student_686,99,88
687,student_687,75,55
688,student_688,84,87
689,student_689,55,68
690,student_690,67,52
691,student_691,94,84
692,student_692,57,92
693,student_693,92,66
694,student_694,85,81
695,student_695,71,86
696,student_696,86,61
697,student_697,79,67
698,student_698,59,87
699,student_699,100,83
700,student_700,80,80
701,student_701,53,88
702,student_702,75,79
703,student_703,85,89
704,student_704,57,97
705,student_705,61,92
706,student_706,95,54
707,student_707,99,79
708,student_708,53,74
709,student_709,80,55
710,student_710,55,66
711,student_711,84,69
712,student_712,51,100
713,student_713,76,72
714,student_714,83,96
715,student_715,64,66
716,student_716,62,67
717,student_717,98,77
718,student_718,74,86
719,student_719,51,69
720,student_720,75,81
721,student_721,69,84
722,student_722,69,59
723,student_723,68,77
724,student_724,99,77
725,student_725,100,67
726,student_726,93,93
727,student_727,84,70
728,student_728,71,81
729,student_729,65,50
730,student_730,78,50
731,student_731,63,76
732,student_732,69,59
733,student_733,85,99
734,student_734,81,53
735,student_735,78,55
736,student_736,56,52
737,student_737,74,94
738,student_738,65,52
739,student_739,70,76
740,student_740,82,70
741,student_741,90,55
742,student_742,87,63
743,student_743,67,51
744,student_744,52,57
745,student_745,72,55
746,student_746,50,50
747,student_747,53,94
748,student_748,97,62
749,student_749,74,86
750,student_750,75,85
751,student_751,94,54
752,student_752,79,68
753,student_753,55,62
754,student_754,66,79
755,student_755,92,67
756,student_756,56,66
757,student_757,82,67
758,student_758,83,52
759,student_759,53,63
760,student_760,56,93
761,student_761,53,93
762,student_762,76,81
763,student_763,50,86
764,student_764,100,55
765,student_765,93,82
766,student_766,55,83
767,student_767,76,75
768,student_768,53,59
769,student_769,92,81
770,student_770,62,82
771,student_771,85,52
772,student_772,62,63
773,student_773,68,65
774,student_774,81,82
775,student_775,89,92
776,student_776,100,87
777,student_777,78,66
778,student_778,97,57
779,student_779,91,88
780,student_780,54,83
781,student_781,77,99
782,student_782,59,65
783,student_783,64,68
784,student_784,76,94
785,student_785,69,78
786,student_786,56,87
787,student_787,96,97
788,student_788,70,65
789,student_789,58,76
790,student_790,96,63
791,student_791,67,64
792,student_792,72,52
793,student_793,57,64
794,student_794,75,78
795,student_795,95,75
796,student_796,92,88
797,student_797,52,65
798,student_798,98,85
799,student_799,82,60
800,student_800,90,71
801,student_801,84,89
802,student_802,74,64
803,student_803,75,63
804,student_804,85,97
805,student_805,100,55
806,student_806,54,64
807,student_807,73,89
808,student_808,92,76
809,student_809,88,76
810,student_810,64,86
811,student_811,94,87
812,student_812,54,100
813,student_813,88,89
814,student_814,76,70
815,student_815,94,88
816,student_816,98,63
817,student_817,51,74
818,student_818,82,99
819,student_819,72,80
820,student_820,50,99
821,student_821,70,91
822,student_822,87,50
823,student_823,83,80
824,student_824,51,58
825,student_825,51,60
826,student_826,68,66
827,student_827,68,97
828,student_828,66,73
829,student_829,74,60
830,student_830,66,95
831,student_831,100,66
832,student_832,69,80
833,student_833,53,53
834,student_834,84,86
835,student_835,79,95
836,student_836,79,50
837,student_837,65,95
838,student_838,97,84
839,student_839,76,73
840,student_840,60,59
841,student_841,90,54
842,student_842,98,87
843,student_843,97,87
844,student_844,89,89
845,student_845,73,96
846,student_846,50,94
847,student_847,66,98
848,student_848,98,67
849,student_849,86,69
850,student_850,91,93
851,student_851,86,95
852,student_852,69,73
853,student_853,85,94
854,student_854,68,100
855,student_855,62,72
856,student_856,65,59
857,student_857,61,71
858,student_858,51,79
859,student_859,50,62
860,student_860,54,58
861,student_861,87,89
862,student_862,55,82
863,student_863,100,58
864,student_864,74,55
865,student_865,62,63
866,student_866,79,84
867,student_867,89,60
868,student_868,88,67
869,student_869,64,88
870,student_870,66,61
871,student_871,50,54
872,student_872,97,85
873,student_873,97,81
874,student_874,82,52
875,student_875,66,95
876,student_876,74,64
877,student_877,50,87
878,student_878,55,72
879,student_879,91,87
880,student_880,53,97
881,student_881,67,65
882,student_882,89,99
883,student_883,73,62
884,student_884,89,96
885,student_885,80,73
886,student_886,85,90
887,student_887,91,69
888,student_888,82,78
889,student_889,70,100
890,student_890,98,87
891,student_891,95,99
892,student_892,69,62
893,student_893,52,62
894,student_894,80,83
895,student_895,73,70
896,student_896,52,81
897,student_897,69,76
898,student_898,54,68
899,student_899,67,78
900,student_900,74,90
901,student_901,94,83
902,student_902,51,76
903,student_903,96,73
904,student_904,98,93
905,student_905,72,90
906,student_906,76,85
907,student_907,100,65
908,student_908,75,50
909,student_909,67,59
910,student_910,94,73
911,student_911,92,63
912,student_912,65,82
913,student_913,70,51
914,student_914,63,63
915,student_915,84,58
916,student_916,55,89
917,student_917,96,89
918,student_918,80,53
919,student_919,77,99
920,student_920,50,77
921,student_921,80,53
922,student_922,51,52
923,student_923,59,92
924,student_924,70,82
925,student_925,70,91
926,student_926,53,67
927,student_927,58,69
928,student_928,88,62
929,student_929,78,74
930,student_930,60,53
931,student_931,76,56
932,student_932,68,86
933,student_933,99,88
934,student_934,53,64
935,student_935,54,89
936,student_936,63,56
937,student_937,88,61
938,student_938,56,76
939,student_939,63,70
940,student_940,68,51
941,student_941,89,58
942,student_942,86,58
943,student_943,61,100
944,student_944,66,91
945,student_945,89,70
946,student_946,74,75
947,student_947,74,74
948,student_948,52,91
949,student_949,70,52
950,student_950,76,89
951,student_951,63,76
952,student_952,57,85
953,student_953,53,74
954,student_954,57,50
955,student_955,50,85
956,student_956,91,89
957,student_957,78,66
958,student_958,65,98
959,student_959,59,81
960,student_960,84,100
961,student_961,57,85
962,student_962,74,90
963,student_963,90,98
964,student_964,66,71
965,student_965,86,54
966,student_966,70,82
967,student_967,58,69
968,student_968,100,70
969,student_969,74,79
970,student_970,78,61
971,student_971,61,77
972,student_972,96,84
973,student_973,56,71
974,student_974,51,83
975,student_975,60,66
976,student_976,90,52
977,student_977,60,98
978,student_978,74,72
979,student_979,64,86
980,student_980,100,97
981,student_981,94,56
982,student_982,100,69
983,student_983,77,96
984,student_984,95,56
985,student_985,86,96
986,student_986,80,61
987,student_987,64,74
988,student_988,73,58
989,student_989,74,50
990,student_990,52,65
991,student_991,74,69
992,student_992,92,56
993,student_993,72,75
994,student_994,97,95
995,student_995,73,71
996,student_996,59,56
997,student_997,79,79
998,student_998,78,86
999,student_999,87,60
1000,student_1000,55,62
1001,student_1001,74,69
1002,student_1002,51,50
1003,student_1003,51,94
1004,student_1004,76,65
1005,student_1005,70,100
1006,student_1006,75,58
1007,student_1007,51,75
1008,student_1008,70,54
1009,student_1009,91,52
1010,student_1010,71,85
1011,student_1011,57,53
1012,student_1012,70,78
1013,student_1013,95,58
1014,student_1014,67,72
1015,student_1015,69,68
1016,student_1016,68,82
1017,student_1017,74,82
1018,student_1018,75,99
1019,student_1019,68,58
1020,student_1020,82,70
1021,student_1021,77,81
1022,student_1022,91,77
1023,student_1023,82,96
1024,student_1024,55,50
1025,student_1025,100,76
1026,student_1026,71,78
1027,student_1027,78,57
1028,student_1028,91,75
1029,student_1029,98,68
1030,student_1030,98,91
1031,student_1031,59,89
1032,student_1032,67,76
1033,student_1033,67,60
1034,student_1034,82,82
1035,student_1035,82,53
1036,student_1036,67,62
1037,student_1037,67,69
1038,student_1038,98,73
1039,student_1039,89,93
1040,student_1040,56,79
1041,student_1041,99,59
1042,student_1042,95,69
1043,student_1043,100,96
1044,student_1044,97,78
1045,student_1045,71,92
1046,student_1046,79,100
1047,student_1047,51,65
1048,student_1048,81,78
1049,student_1049,71,83
1050,student_1050,94,89
1051,student_1051,87,79
1052,student_1052,85,76
1053,student_1053,99,99
1054,student_1054,96,56
1055,student_1055,95,96
1056,student_1056,96,56
1057,student_1057,67,72
1058,student_1058,90,92
1059,student_1059,57,55
1060,student_1060,89,57
1061,student_1061,61,60
1062,student_1062,70,78
1063,student_1063,89,98
1064,student_1064,93,82
1065,student_1065,77,77
1066,student_1066,59,93
1067,student_1067,57,85
1068,student_1068,72,58
1069,student_1069,76,93
1070,student_1070,94,78
1071,student_1071,84,72
1072,student_1072,93,94
1073,student_1073,88,65
1074,student_1074,94,60
1075,student_1075,84,93
1076,student_1076,88,76
1077,student_1077,53,53
1078,student_1078,51,67
1079,student_1079,53,79
1080,student_1080,61,96
1081,student_1081,94,77
1082,student_1082,68,79
1083,student_1083,68,92
1084,student_1084,81,75
1085,student_1085,77,97
1086,student_1086,66,78
1087,student_1087,56,92
1088,student_1088,97,91
1089,student_1089,64,100
1090,student_1090,88,97
1091,student_1091,71,78
1092,student_1092,55,53
1093,student_1093,56,80
1094,student_1094,63,80
1095,student_1095,99,80
1096,student_1096,83,68
1097,student_1097,70,97
1098,student_1098,59,54
1099,student_1099,93,77
1100,student_1100,60,90
1101,student_1101,97,83
1102,student_1102,71,75
1103,student_1103,93,61
1104,student_1104,74,62
1105,student_1105,70,94
1106,student_1106,83,83
1107,student_1107,94,93
1108,student_1108,86,88
1109,student_1109,96,78
1110,student_1110,55,82
1111,student_1111,81,53
1112,student_1112,68,74
1113,student_1113,81,53
1114,student_1114,93,55
1115,student_1115,67,89
1116,student_1116,85,70
1117,student_1117,75,74
1118,student_1118,92,99
1119,student_1119,84,67
1120,student_1120,92,75
1121,student_1121,87,76
1122,student_1122,86,81
1123,student_1123,83,76
1124,student_1124,62,81
1125,student_1125,72,99
1126,student_1126,54,81
1127,student_1127,53,72
1128,student_1128,98,79
1129,student_1129,70,62
1130,student_1130,57,91
1131,student_1131,69,92
1132,student_1132,57,94
1133,student_1133,92,58
1134,student_1134,82,81
1135,student_1135,81,80
1136,student_1136,56,63
1137,student_1137,91,62
1138,student_1138,85,84
1139,student_1139,91,69
1140,student_1140,100,74
1141,student_1141,85,92
1142,student_1142,59,79
1143,student_1143,50,54
1144,student_1144,71,52
1145,student_1145,88,56
1146,student_1146,75,62
1147,student_1147,81,96
1148,student_1148,61,63
1149,student_1149,85,57
1150,student_1150,92,81
1151,student_1151,91,95
1152,student_1152,95,55
1153,student_1153,100,83
1154,student_1154,52,58
1155,student_1155,78,69
1156,student_1156,54,96
1157,student_1157,85,98
1158,student_1158,76,94
1159,student_1159,57,89
1160,student_1160,60,91
1161,student_1161,76,69
1162,student_1162,89,84
1163,student_1163,66,51
1164,student_1164,75,86
1165,student_1165,61,78
1166,student_1166,90,92
1167,student_1167,95,84
1168,student_1168,73,68
1169,student_1169,93,84
1170,student_1170,77,76
1171,student_1171,86,61
1172,student_1172,61,83
1173,student_1173,53,58
1174,student_1174,69,77
1175,student_1175,66,82
1176,student_1176,89,83
1177,student_1177,68,77
1178,student_1178,67,86
1179,student_1179,92,59
1180,student_1180,82,70
1181,student_1181,98,69
1182,student_1182,58,83
1183,student_1183,84,54
1184,student_1184,94,88
1185,student_1185,97,73
1186,student_1186,63,56
1187,student_1187,78,58
1188,student_1188,96,55
1189,student_1189,96,89
1190,student_1190,53,84
1191,student_1191,80,86
1192,student_1192,94,90
1193,student_1193,93,93
1194,student_1194,52,87
1195,student_1195,64,80
1196,student_1196,86,61
1197,student_1197,61,81
1198,student_1198,72,58
1199,student_1199,60,84
1200,student_1200,51,100
1201,student_1201,68,81
1202,student_1202,91,97
1203,student_1203,78,78
1204,student_1204,59,91
1205,student_1205,69,61
1206,student_1206,98,64
1207,student_1207,77,100
1208,student_1208,96,56
1209,student_1209,88,56
1210,student_1210,95,66
1211,student_1211,64,65
1212,student_1212,83,85
1213,student_1213,56,58
1214,student_1214,84,65
1215,student_1215,60,99
1216,student_1216,52,88
1217,student_1217,55,57
1218,student_1218,96,74
1219,student_1219,60,54
1220,student_1220,91,57
1221,student_1221,63,65
1222,student_1222,86,59
1223,student_1223,67,82
1224,student_1224,60,73
1225,student_1225,90,80
1226,student_1226,70,82
1227,student_1227,67,86
1228,student_1228,52,84
1229,student_1229,77,89
1230,student_1230,100,52
1231,student_1231,69,89
1232,student_1232,51,76
1233,student_1233,74,61
1234,student_1234,94,55
1235,student_1235,100,51
1236,student_1236,94,92
1237,student_1237,53,63
1238,student_1238,59,92
1239,student_1239,72,91
1240,student_1240,75,52
1241,student_1241,64,77
1242,student_1242,60,62
1243,student_1243,74,54
1244,student_1244,99,71
1245,student_1245,95,61
1246,student_1246,80,68
1247,student_1247,70,65
1248,student_1248,98,72
1249,student_1249,51,81
1250,student_1250,78,96
1251,student_1251,61,72
1252,student_1252,96,58
1253,student_1253,63,92
1254,student_1254,95,58
1255,student_1255,65,72
1256,student_1256,86,56
1257,student_1257,54,77
1258,student_1258,88,63
1259,student_1259,73,59
1260,student_1260,73,70
1261,student_1261,80,84
1262,student_1262,70,91
1263,student_1263,93,75
1264,student_1264,65,59
1265,student_1265,86,67
1266,student_1266,72,54
1267,student_1267,63,69
1268,student_1268,55,63
1269,student_1269,79,62
1270,student_1270,74,57
1271,student_1271,51,93
1272,student_1272,78,82
1273,student_1273,65,73
1274,student_1274,74,60
1275,student_1275,85,83
1276,student_1276,77,66
1277,student_1277,52,83
1278,student_1278,63,85
1279,student_1279,76,60
1280,student_1280,50,93
1281,student_1281,90,50
1282,student_1282,58,57
1283,student_1283,52,100
1284,student_1284,55,68
1285,student_1285,64,90
1286,student_1286,83,89
1287,student_1287,79,60
1288,student_1288,72,99
1289,student_1289,53,87
1290,student_1290,98,93
1291,student_1291,80,82
1292,student_1292,69,65
1293,student_1293,94,90
1294,student_1294,89,63
1295,student_1295,96,66
1296,student_1296,86,75
1297,student_1297,60,77
1298,student_1298,89,68
1299,student_1299,64,97
1300,student_1300,53,98
1301,student_1301,76,85
1302,student_1302,62,70
1303,student_1303,68,57
1304,student_1304,60,69
1305,student_1305,88,74
1306,student_1306,76,76
1307,student_1307,84,54
1308,student_1308,90,75
1309,student_1309,87,96
1310,student_1310,100,91
1311,student_1311,68,79
1312,student_1312,93,97
1313,student_1313,70,71
1314,student_1314,88,68
1315,student_1315,59,51
1316,student_1316,53,87
1317,student_1317,89,60
1318,student_1318,98,97
1319,student_1319,51,84
1320,student_1320,82,86
1321,student_1321,75,53
1322,student_1322,73,61
1323,student_1323,62,60
1324,student_1324,61,69
1325,student_1325,62,71
1326,student_1326,56,94
1327,student_1327,60,95
1328,student_1328,92,89
1329,student_1329,69,83
1330,student_1330,87,92
1331,student_1331,93,88
1332,student_1332,97,78
1333,student_1333,79,91
1334,student_1334,75,67
1335,student_1335,97,64
1336,student_1336,91,63
1337,student_1337,57,80
1338,student_1338,52,55
1339,student_1339,76,65
1340,student_1340,62,54
1341,student_1341,86,97
1342,student_1342,82,82
1343,student_1343,97,80
1344,student_1344,93,86
1345,student_1345,66,98
1346,student_1346,66,57
1347,student_1347,80,70
1348,student_1348,78,88
1349,student_1349,100,72
1350,student_1350,64,76
1351,student_1351,82,72
1352,student_1352,85,78
1353,student_1353,70,84
1354,student_1354,66,53
1355,student_1355,84,85
1356,student_1356,97,68
1357,student_1357,64,54
1358,student_1358,95,93
1359,student_1359,72,90
1360,student_1360,93,97
1361,student_1361,50,50
1362,student_1362,66,100
1363,student_1363,88,56
1364,student_1364,81,85
1365,student_1365,58,83
1366,student_1366,91,86
1367,student_1367,62,77
1368,student_1368,52,77
1369,student_1369,56,93
1370,student_1370,82,99
1371,student_1371,50,56
1372,student_1372,75,57
1373,student_1373,98,70
1374,student_1374,85,82
1375,student_1375,91,70
1376,student_1376,76,80
1377,student_1377,74,77
1378,student_1378,76,58
1379,student_1379,89,79
1380,student_1380,96,56
1381,student_1381,98,56
1382,student_1382,76,85
1383,student_1383,82,92
1384,student_1384,75,57
1385,student_1385,60,72
1386,student_1386,65,85
1387,student_1387,60,83
1388,student_1388,56,75
1389,student_1389,61,61
1390,student_1390,81,68
1391,student_1391,50,67
1392,student_1392,60,93
1393,student_1393,55,94
1394,student_1394,68,89
1395,student_1395,89,53
1396,student_1396,52,51
1397,student_1397,76,98
1398,student_1398,55,87
1399,student_1399,80,95
1400,student_1400,77,85
1401,student_1401,63,87
1402,student_1402,94,74
1403,student_1403,51,60
1404,student_1404,87,54
1405,student_1405,96,88
1406,student_1406,81,52
1407,student_1407,87,74
1408,student_1408,58,78
1409,student_1409,62,74
1410,student_1410,58,65
1411,student_1411,93,52
1412,student_1412,79,74
1413,student_1413,65,92
1414,student_1414,81,92
1415,student_1415,61,97
1416,student_1416,59,59
1417,student_1417,82,57
1418,student_1418,56,53
1419,student_1419,76,72
1420,student_1420,92,51
1421,student_1421,53,79
1422,student_1422,71,82
1423,student_1423,95,89
1424,student_1424,86,65
1425,student_1425,51,76
1426,student_1426,51,77
1427,student_1427,55,80
1428,student_1428,66,80
1429,student_1429,67,69
1430,student_1430,81,76
1431,student_1431,72,73
1432,student_1432,64,79
1433,student_1433,79,78
1434,student_1434,65,75
1435,student_1435,79,59
1436,student_1436,55,94
1437,student_1437,56,97
1438,student_1438,58,51
1439,student_1439,74,73
1440,student_1440,64,86
1441,student_1441,77,72
1442,student_1442,69,83
1443,student_1443,64,73
1444,student_1444,84,77
1445,student_1445,58,50
1446,student_1446,99,86
1447,student_1447,69,91
1448,student_1448,74,86
1449,student_1449,80,61
1450,student_1450,78,52
1451,student_1451,69,75
1452,student_1452,82,72
1453,student_1453,63,57
1454,student_1454,87,62
1455,student_1455,85,79
1456,student_1456,51,73
1457,student_1457,94,57
1458,student_1458,58,92
1459,student_1459,92,70
1460,student_1460,99,86
1461,student_1461,55,77
1462,student_1462,87,99
1463,student_1463,73,70
1464,student_1464,78,87
1465,student_1465,77,68
1466,student_1466,55,70
1467,student_1467,91,62
1468,student_1468,95,99
1469,student_1469,58,64
1470,student_1470,61,53
1471,student_1471,53,50
1472,student_1472,53,95
1473,student_1473,65,51
1474,student_1474,85,80
1475,student_1475,73,75
1476,student_1476,64,57
1477,student_1477,69,63
1478,student_1478,91,72
1479,student_1479,80,78
1480,student_1480,69,80
1481,student_1481,54,52
1482,student_1482,57,72
1483,student_1483,76,62
1484,student_1484,61,53
1485,student_1485,73,67
1486,student_1486,56,55
1487,student_1487,50,83
1488,student_1488,61,79
1489,student_1489,82,68
1490,student_1490,82,92
1491,student_1491,90,72
1492,student_1492,69,77
1493,student_1493,96,97
1494,student_1494,96,77
1495,student_1495,73,93
1496,student_1496,57,91
1497,student_1497,60,97
1498,student_1498,86,95
1499,student_1499,96,94
1500,student_1500,68,82
1501,student_1501,89,78
1502,student_1502,65,80
1503,student_1503,96,95
1504,student_1504,60,88
1505,student_1505,68,97
1506,student_1506,79,60
1507,student_1507,69,56
1508,student_1508,87,53
1509,student_1509,87,60
1510,student_1510,74,93
1511,student_1511,71,88
1512,student_1512,81,85
1513,student_1513,60,93
1514,student_1514,64,94
1515,student_1515,67,79
1516,student_1516,55,69
1517,student_1517,91,87
1518,student_1518,60,93
1519,student_1519,54,95
1520,student_1520,64,63
1521,student_1521,91,98
1522,student_1522,69,96
1523,student_1523,85,50
1524,student_1524,97,60
1525,student_1525,97,92
1526,student_1526,87,71
1527,student_1527,63,60
1528,student_1528,81,68
1529,student_1529,77,82
1530,student_1530,55,98
1531,student_1531,81,92
1532,student_1532,51,98
1533,student_1533,50,83
1534,student_1534,53,72
1535,student_1535,97,57
1536,student_1536,71,83
1537,student_1537,54,66
1538,student_1538,76,79
1539,student_1539,61,86
1540,student_1540,56,99
1541,student_1541,95,60
1542,student_1542,91,67
1543,student_1543,79,72
1544,student_1544,99,67
1545,student_1545,68,80
1546,student_1546,73,90
1547,student_1547,63,61
1548,student_1548,63,71
1549,student_1549,69,68
1550,student_1550,69,77
1551,student_1551,74,84
1552,student_1552,77,84
1553,student_1553,92,85
1554,student_1554,71,51
1555,student_1555,83,93
1556,student_1556,61,83
1557,student_1557,71,56
1558,student_1558,63,78
1559,student_1559,78,61
1560,student_1560,54,89
1561,student_1561,58,97
1562,student_1562,86,87
1563,student_1563,98,85
1564,student_1564,96,62
1565,student_1565,54,69
1566,student_1566,91,52
1567,student_1567,66,89
1568,student_1568,88,66
1569,student_1569,55,72
1570,student_1570,94,74
1571,student_1571,62,70
1572,student_1572,74,75
1573,student_1573,79,85
1574,student_1574,57,71
1575,student_1575,85,86
1576,student_1576,93,58
1577,student_1577,95,51
1578,student_1578,86,62
1579,student_1579,96,84
1580,student_1580,79,94
1581,student_1581,64,72
1582,student_1582,58,81
1583,student_1583,85,86
1584,student_1584,55,98
1585,student_1585,75,57
1586,student_1586,77,57
1587,student_1587,94,96
1588,student_1588,61,52
1589,student_1589,65,56
1590,student_1590,95,81
1591,student_1591,65,80
1592,student_1592,80,53
1593,student_1593,85,50
1594,student_1594,56,100
1595,student_1595,60,57
1596,student_1596,54,72
1597,student_1597,73,93
1598,student_1598,91,99
1599,student_1599,65,66
1600,student_1600,82,99
1601,student_1601,82,80
1602,student_1602,89,99
1603,student_1603,97,61
1604,student_1604,95,92
1605,student_1605,56,51
1606,student_1606,61,65
1607,student_1607,66,73
1608,student_1608,74,68
1609,student_1609,77,57
1610,student_1610,100,50
1611,student_1611,54,51
1612,student_1612,80,93
1613,student_1613,64,81
1614,student_1614,92,53
1615,student_1615,91,71
1616,student_1616,60,83
1617,student_1617,77,62
1618,student_1618,75,76
1619,student_1619,95,79
1620,student_1620,93,64
1621,student_1621,64,81
1622,student_1622,52,61
1623,student_1623,65,68
1624,student_1624,57,100
1625,student_1625,87,50
1626,student_1626,58,81
1627,student_1627,53,84
1628,student_1628,50,90
1629,student_1629,72,71
1630,student_1630,60,63
1631,student_1631,93,87
1632,student_1632,79,63
1633,student_1633,80,51
1634,student_1634,83,84
1635,student_1635,56,55
1636,student_1636,83,59
1637,student_1637,100,96
1638,student_1638,99,59
1639,student_1639,75,52
1640,student_1640,57,74
1641,student_1641,72,78
1642,student_1642,96,51
1643,student_1643,57,73
1644,student_1644,78,57
1645,student_1645,85,69
1646,student_1646,65,83
1647,student_1647,74,74
1648,student_1648,83,55
1649,student_1649,82,76
1650,student_1650,52,100
1651,student_1651,77,76
1652,student_1652,91,83
1653,student_1653,60,81
1654,student_1654,54,62
1655,student_1655,90,71
1656,student_1656,99,57
1657,student_1657,94,91
1658,student_1658,82,71
1659,student_1659,99,89
1660,student_1660,71,91
1661,student_1661,87,88
1662,student_1662,91,57
1663,student_1663,62,74
1664,student_1664,77,50
1665,student_1665,86,93
1666,student_1666,52,89
1667,student_1667,73,82
1668,student_1668,67,68
1669,student_1669,51,59
1670,student_1670,74,87
1671,student_1671,59,66
1672,student_1672,99,59
1673,student_1673,85,69
1674,student_1674,73,50
1675,student_1675,94,100
1676,student_1676,53,96
1677,student_1677,56,77
1678,student_1678,63,88
1679,student_1679,61,70
1680,student_1680,80,55
1681,student_1681,82,76
1682,student_1682,72,57
1683,student_1683,76,71
1684,student_1684,90,70
1685,student_1685,88,53
1686,student_1686,59,91
1687,student_1687,95,82
1688,student_1688,89,61
1689,student_1689,95,94
1690,student_1690,65,69
1691,student_1691,78,75
1692,student_1692,60,76
1693,student_1693,83,60
1694,student_1694,99,65
1695,student_1695,56,95
1696,student_1696,96,90
1697,student_1697,70,88
1698,student_1698,82,57
1699,student_1699,61,91
1700,student_1700,93,61
1701,student_1701,70,83
1702,student_1702,83,84
1703,student_1703,60,66
1704,student_1704,67,57
1705,student_1705,75,92
1706,student_1706,94,82
1707,student_1707,71,94
1708,student_1708,77,55
1709,student_1709,87,55
1710,student_1710,97,72
1711,student_1711,68,80
1712,student_1712,53,70
1713,student_1713,81,82
1714,student_1714,79,94
1715,student_1715,89,58
1716,student_1716,60,50
1717,student_1717,74,85
1718,student_1718,95,58
1719,student_1719,74,66
1720,student_1720,86,80
1721,student_1721,77,92
1722,student_1722,88,58
1723,student_1723,69,56
1724,student_1724,54,51
1725,student_1725,64,71
1726,student_1726,72,94
1727,student_1727,100,68
1728,student_1728,92,77
1729,student_1729,81,78
1730,student_1730,80,53
1731,student_1731,79,100
1732,student_1732,74,77
1733,student_1733,91,73
1734,student_1734,93,80
1735,student_1735,80,52
1736,student_1736,97,51
1737,student_1737,67,89
1738,student_1738,78,55
1739,student_1739,77,53
1740,student_1740,74,68
1741,student_1741,69,92
1742,student_1742,83,69
1743,student_1743,89,79
1744,student_1744,85,77
1745,student_1745,52,100
1746,student_1746,88,87
1747,student_1747,87,76
1748,student_1748,96,82
1749,student_1749,85,83
1750,student_1750,80,66
1751,student_1751,96,60
1752,student_1752,97,100
1753,student_1753,80,61
1754,student_1754,60,52
1755,student_1755,71,81
1756,student_1756,88,92
1757,student_1757,78,67
1758,student_1758,100,96
1759,student_1759,65,84
1760,student_1760,52,77
1761,student_1761,63,72
1762,student_1762,80,56
1763,student_1763,74,63
1764,student_1764,75,56
1765,student_1765,86,77
1766,student_1766,55,73
1767,student_1767,55,79
1768,student_1768,95,95
1769,student_1769,92,70
1770,student_1770,59,93
1771,student_1771,52,83
1772,student_1772,75,90
1773,student_1773,81,50
1774,student_1774,56,51
1775,student_1775,93,71
1776,student_1776,59,77
1777,student_1777,97,64
1778,student_1778,79,89
1779,student_1779,99,62
1780,student_1780,63,50
1781,student_1781,60,64
1782,student_1782,65,56
1783,student_1783,75,51
1784,student_1784,54,60
1785,student_1785,79,97
1786,student_1786,63,65
1787,student_1787,73,56
1788,student_1788,92,66
1789,student_1789,50,100
1790,student_1790,98,90
1791,student_1791,98,73
1792,student_1792,75,79
1793,student_1793,89,85
1794,student_1794,60,68
1795,student_1795,74,87
1796,student_1796,75,69
1797,student_1797,100,98
1798,student_1798,91,51
1799,student_1799,76,60
1800,student_1800,93,79
1801,student_1801,89,98
1802,student_1802,74,69
1803,student_1803,60,66
1804,student_1804,67,64
1805,student_1805,56,60
1806,student_1806,88,97
1807,student_1807,95,60
1808,student_1808,83,75
1809,student_1809,68,89
1810,student_1810,95,83
1811,student_1811,61,58
1812,student_1812,60,98
1813,student_1813,52,55
1814,student_1814,51,59
1815,student_1815,92,93
1816,student_1816,98,66
1817,student_1817,76,59
1818,student_1818,74,98
1819,student_1819,69,98
1820,student_1820,67,66
1821,student_1821,65,91
1822,student_1822,95,63
1823,student_1823,86,95
1824,student_1824,70,63
1825,student_1825,92,77
1826,student_1826,71,57
1827,student_1827,95,89
1828,student_1828,66,76
1829,student_1829,63,81
1830,student_1830,91,79
1831,student_1831,58,93
1832,student_1832,68,97
1833,student_1833,62,96
1834,student_1834,54,74
1835,student_1835,56,83
1836,student_1836,90,92
1837,student_1837,54,58
1838,student_1838,73,75
1839,student_1839,73,98
1840,student_1840,93,98
1841,student_1841,76,86
1842,student_1842,70,96
1843,student_1843,57,65
1844,student_1844,95,51
1845,student_1845,100,91
1846,student_1846,88,63
1847,student_1847,60,54
1848,student_1848,58,66
1849,student_1849,59,99
1850,student_1850,78,59
1851,student_1851,84,96
1852,student_1852,61,67
1853,student_1853,74,84
1854,student_1854,69,82
1855,student_1855,73,88
1856,student_1856,65,67
1857,student_1857,95,74
1858,student_1858,50,95
1859,student_1859,98,80
1860,student_1860,66,67
1861,student_1861,85,94
1862,student_1862,75,53
1863,student_1863,89,83
1864,student_1864,98,62
1865,student_1865,70,70
1866,student_1866,69,97
1867,student_1867,100,88
1868,student_1868,53,88
1869,student_1869,55,73
1870,student_1870,50,66
1871,student_1871,58,75
1872,student_1872,68,82
1873,student_1873,93,53
1874,student_1874,59,95
1875,student_1875,68,61
1876,student_1876,64,51
1877,student_1877,75,73
1878,student_1878,78,89
1879,student_1879,89,59
1880,student_1880,92,67
1881,student_1881,65,86
1882,student_1882,59,90
1883,student_1883,51,88
1884,student_1884,91,75
1885,student_1885,58,78
1886,student_1886,94,69
1887,student_1887,54,100
1888,student_1888,55,91
1889,student_1889,59,89
1890,student_1890,86,50
1891,student_1891,68,65
1892,student_1892,85,53
1893,student_1893,92,56
1894,student_1894,55,92
1895,student_1895,82,80
1896,student_1896,78,75
1897,student_1897,50,63
1898,student_1898,87,74
1899,student_1899,66,77
1900,student_1900,70,50
1901,student_1901,91,53
1902,student_1902,56,58
1903,student_1903,74,52
1904,student_1904,85,55
1905,student_1905,90,61
1906,student_1906,95,85
1907,student_1907,92,88
1908,student_1908,89,60
1909,student_1909,81,75
1910,student_1910,59,83
1911,student_1911,71,60
1912,student_1912,81,90
1913,student_1913,55,60
1914,student_1914,91,98
1915,student_1915,63,97
1916,student_1916,93,71
1917,student_1917,52,69
1918,student_1918,88,77
1919,student_1919,52,72
1920,student_1920,73,83
1921,student_1921,72,68
1922,student_1922,64,98
1923,student_1923,73,64
1924,student_1924,77,55
1925,student_1925,58,73
1926,student_1926,75,72
1927,student_1927,90,90
1928,student_1928,53,76
1929,student_1929,90,82
1930,student_1930,100,50
1931,student_1931,76,58
1932,student_1932,77,84
1933,student_1933,75,61
1934,student_1934,66,59
1935,student_1935,81,67
1936,student_1936,98,64
1937,student_1937,66,56
1938,student_1938,73,79
1939,student_1939,67,92
1940,student_1940,70,77
1941,student_1941,60,56
1942,student_1942,98,55
1943,student_1943,65,72
1944,student_1944,96,76
1945,student_1945,84,94
1946,student_1946,77,55
1947,student_1947,97,59
1948,student_1948,62,66
1949,student_1949,51,99
1950,student_1950,65,90
1951,student_1951,71,91
1952,student_1952,63,80
1953,student_1953,81,69
1954,student_1954,54,98
1955,student_1955,50,91
1956,student_1956,98,61
1957,student_1957,96,80
1958,student_1958,76,85
1959,student_1959,57,70
1960,student_1960,55,62
1961,student_1961,82,99
1962,student_1962,70,54
1963,student_1963,88,88
1964,student_1964,50,84
1965,student_1965,98,71
1966,student_1966,77,84
1967,student_1967,76,60
1968,student_1968,71,91
1969,student_1969,77,85
1970,student_1970,67,97
1971,student_1971,68,79
1972,student_1972,95,96
1973,student_1973,72,64
1974,student_1974,96,87
1975,student_1975,73,91
1976,student_1976,70,61
1977,student_1977,85,61
1978,student_1978,92,93
1979,student_1979,96,67
1980,student_1980,65,63
1981,student_1981,57,98
1982,student_1982,54,50
1983,student_1983,63,75
1984,student_1984,84,73
1985,student_1985,95,72
1986,student_1986,90,86
1987,student_1987,70,77
1988,student_1988,78,97
1989,student_1989,57,57
1990,student_1990,74,81
1991,student_1991,63,98
1992,student_1992,82,58
1993,student_1993,60,81
1994,student_1994,89,92
1995,student_1995,57,75
1996,student_1996,98,65
1997,student_1997,99,89
1998,student_1998,88,60
1999,student_1999,87,98
2000,student_2000,85,60
2001,student_2001,54,70
2002,student_2002,67,74
2003,student_2003,54,85
2004,student_2004,97,93
2005,student_2005,65,81
2006,student_2006,77,79
2007,student_2007,65,55
2008,student_2008,76,95
2009,student_2009,56,80
2010,student_2010,89,93
2011,student_2011,73,80
2012,student_2012,70,95
2013,student_2013,75,73
2014,student_2014,95,94
2015,student_2015,66,81
2016,student_2016,80,57
2017,student_2017,59,72
2018,student_2018,54,88
2019,student_2019,74,79
2020,student_2020,91,83
2021,student_2021,62,89
2022,student_2022,83,63
2023,student_2023,65,58
2024,student_2024,55,87
2025,student_2025,93,65
2026,student_2026,89,62
2027,student_2027,52,65
2028,student_2028,60,88
2029,student_2029,58,83
2030,student_2030,99,75
2031,student_2031,77,51
2032,student_2032,82,92
2033,student_2033,65,96
2034,student_2034,63,91
2035,student_2035,95,61
2036,student_2036,55,88
2037,student_2037,87,83
2038,student_2038,86,63
2039,student_2039,51,50
2040,student_2040,78,58
2041,student_2041,76,57
2042,student_2042,90,92
2043,student_2043,70,61
2044,student_2044,100,55
2045,student_2045,90,86
2046,student_2046,50,53
2047,student_2047,88,79
2048,student_2048,88,100
2049,student_2049,64,91
2050,student_2050,68,86
2051,student_2051,91,90
2052,student_2052,57,67
2053,student_2053,76,73
2054,student_2054,52,100
2055,student_2055,95,54
2056,student_2056,66,70
2057,student_2057,83,76
2058,student_2058,98,75
2059,student_2059,57,79
2060,student_2060,65,82
2061,student_2061,57,79
2062,student_2062,63,84
2063,student_2063,72,96
2064,student_2064,82,90
2065,student_2065,83,87
2066,student_2066,92,82
2067,student_2067,72,96
2068,student_2068,77,72
2069,student_2069,90,62
2070,student_2070,65,74
2071,student_2071,76,68
2072,student_2072,76,73
2073,student_2073,71,52
2074,student_2074,55,65
2075,student_2075,55,72
2076,student_2076,67,98
2077,student_2077,65,100
2078,student_2078,87,98
2079,student_2079,70,79
2080,student_2080,88,53
2081,student_2081,70,89
2082,student_2082,79,70
2083,student_2083,74,68
2084,student_2084,64,99
2085,student_2085,81,67
2086,student_2086,62,84
2087,student_2087,80,79
2088,student_2088,51,68
2089,student_2089,76,80
2090,student_2090,67,80
2091,student_2091,54,51
2092,student_2092,77,83
2093,student_2093,84,78
2094,student_2094,88,89
2095,student_2095,72,57
2096,student_2096,91,50
2097,student_2097,50,51
2098,student_2098,97,62
2099,student_2099,54,61
2100,student_2100,70,76
2101,student_2101,64,58
2102,student_2102,82,84
2103,student_2103,58,97
2104,student_2104,55,73
2105,student_2105,94,100
2106,student_2106,52,61
2107,student_2107,88,88
2108,student_2108,91,92
2109,student_2109,51,65
2110,student_2110,65,67
2111,student_2111,76,88
2112,student_2112,89,54
2113,student_2113,93,90
2114,student_2114,90,72
2115,student_2115,53,74
2116,student_2116,59,66
2117,student_2117,96,84
2118,student_2118,85,53
2119,student_2119,71,70
2120,student_2120,88,97
2121,student_2121,60,54
2122,student_2122,71,88
2123,student_2123,70,73
2124,student_2124,74,57
2125,student_2125,82,66
2126,student_2126,67,86
2127,student_2127,89,66
2128,student_2128,75,56
2129,student_2129,93,81
2130,student_2130,55,91
2131,student_2131,61,52
2132,student_2132,98,88
2133,student_2133,62,94
2134,student_2134,99,97
2135,student_2135,51,64
2136,student_2136,77,88
2137,student_2137,93,52
2138,student_2138,50,80
2139,student_2139,61,81
2140,student_2140,73,78
2141,student_2141,69,85
2142,student_2142,64,60
2143,student_2143,96,90
2144,student_2144,92,58
2145,student_2145,92,62
2146,student_2146,73,62
2147,student_2147,57,88
2148,student_2148,50,62
2149,student_2149,90,68
2150,student_2150,95,54
2151,student_2151,85,54
2152,student_2152,66,79
2153,student_2153,57,72
2154,student_2154,82,75
2155,student_2155,66,76
2156,student_2156,88,72
2157,student_2157,52,90
2158,student_2158,91,99
2159,student_2159,52,69
2160,student_2160,62,50
2161,student_2161,65,72
2162,student_2162,80,90
2163,student_2163,96,59
2164,student_2164,95,72
2165,student_2165,95,57
2166,student_2166,74,80
2167,student_2167,86,91
2168,student_2168,99,72
2169,student_2169,62,72
2170,student_2170,87,74
2171,student_2171,88,93
2172,student_2172,95,53
2173,student_2173,52,80
2174,student_2174,77,92
2175,student_2175,85,71
2176,student_2176,96,80
2177,student_2177,88,62
2178,student_2178,100,91
2179,student_2179,96,66
2180,student_2180,94,77
2181,student_2181,66,87
2182,student_2182,87,66
2183,student_2183,68,53
2184,student_2184,75,72
2185,student_2185,53,56
2186,student_2186,72,70
2187,student_2187,91,95
2188,student_2188,56,55
2189,student_2189,99,88
2190,student_2190,59,66
2191,student_2191,56,79
2192,student_2192,95,79
2193,student_2193,58,90
2194,student_2194,77,78
2195,student_2195,51,76
2196,student_2196,61,58
2197,student_2197,61,96
2198,student_2198,90,94
2199,student_2199,53,97
2200,student_2200,88,91
2201,student_2201,59,97
2202,student_2202,53,83
2203,student_2203,77,90
2204,student_2204,94,65
2205,student_2205,76,61
2206,student_2206,99,52
2207,student_2207,63,63
2208,student_2208,89,87
2209,student_2209,51,54
2210,student_2210,76,99
2211,student_2211,62,89
2212,student_2212,97,90
2213,student_2213,87,51
2214,student_2214,98,84
2215,student_2215,97,70
2216,student_2216,52,64
2217,student_2217,54,71
2218,student_2218,84,55
2219,student_2219,75,89
2220,student_2220,80,67
2221,student_2221,74,72
2222,student_2222,55,67
2223,student_2223,62,98
2224,student_2224,51,59
2225,student_2225,99,92
2226,student_2226,60,54
2227,student_2227,86,58
2228,student_2228,71,75
2229,student_2229,74,62
2230,student_2230,93,90
2231,student_2231,69,52
2232,student_2232,83,95
2233,student_2233,50,63
2234,student_2234,91,87
2235,student_2235,67,50
2236,student_2236,85,54
2237,student_2237,66,92
2238,student_2238,95,87
2239,student_2239,68,67
2240,student_2240,78,65
2241,student_2241,99,81
2242,student_2242,60,80
2243,student_2243,59,100
2244,student_2244,60,58
2245,student_2245,100,73
2246,student_2246,67,87
2247,student_2247,90,89
2248,student_2248,57,60
2249,student_2249,88,53
2250,student_2250,72,99
2251,student_2251,84,51
2252,student_2252,50,95
2253,student_2253,88,58
2254,student_2254,97,89
2255,student_2255,87,78
2256,student_2256,85,94
2257,student_2257,81,83
2258,student_2258,73,69
2259,student_2259,58,63
2260,student_2260,53,60
2261,student_2261,56,58
2262,student_2262,70,72
2263,student_2263,75,60
2264,student_2264,58,82
2265,student_2265,65,56
2266,student_2266,67,67
2267,student_2267,83,69
2268,student_2268,86,78
2269,student_2269,58,100
2270,student_2270,67,86
2271,student_2271,90,61
2272,student_2272,97,84
2273,student_2273,62,95
2274,student_2274,95,92
2275,student_2275,93,57
2276,student_2276,91,63
2277,student_2277,89,81
2278,student_2278,71,59
2279,student_2279,87,64
2280,student_2280,71,71
2281,student_2281,50,82
2282,student_2282,57,84
2283,student_2283,63,70
2284,student_2284,98,66
2285,student_2285,75,60
2286,student_2286,98,51
2287,student_2287,80,94
2288,student_2288,66,60
2289,student_2289,82,73
2290,student_2290,68,97
2291,student_2291,100,88
2292,student_2292,85,91
2293,student_2293,72,79
2294,student_2294,71,59
2295,student_2295,52,54
2296,student_2296,89,80
2297,student_2297,69,84
2298,student_2298,92,95
2299,student_2299,70,62
2300,student_2300,96,70
2301,student_2301,90,67
2302,student_2302,77,51
2303,student_2303,85,50
2304,student_2304,61,76
2305,student_2305,83,70
2306,student_2306,69,85
2307,student_2307,57,50
2308,student_2308,51,82
2309,student_2309,67,75
2310,student_2310,57,62
2311,student_2311,67,62
2312,student_2312,100,58
2313,student_2313,55,77
2314,student_2314,71,56
2315,student_2315,65,80
2316,student_2316,51,78
2317,student_2317,96,51
2318,student_2318,69,87
2319,student_2319,78,73
2320,student_2320,85,61
2321,student_2321,70,59
2322,student_2322,82,86
2323,student_2323,71,99
2324,student_2324,94,91
2325,student_2325,85,75
2326,student_2326,59,93
2327,student_2327,69,74
2328,student_2328,64,75
2329,student_2329,91,79
2330,student_2330,80,78
2331,student_2331,98,60
2332,student_2332,94,73
2333,student_2333,97,72
2334,student_2334,92,91
2335,student_2335,77,53
2336,student_2336,82,51
2337,student_2337,72,96
2338,student_2338,87,88
2339,student_2339,92,80
2340,student_2340,73,81
2341,student_2341,85,68
2342,student_2342,69,96
2343,student_2343,69,51
2344,student_2344,70,89
2345,student_2345,50,74
2346,student_2346,84,55
2347,student_2347,95,77
2348,student_2348,68,97
2349,student_2349,75,91
2350,student_2350,60,90
2351,student_2351,74,61
2352,student_2352,85,58
2353,student_2353,87,68
2354,student_2354,98,65
2355,student_2355,58,87
2356,student_2356,94,75
2357,student_2357,80,98
2358,student_2358,78,98
2359,student_2359,79,65
2360,student_2360,94,88
2361,student_2361,85,61
2362,student_2362,60,90
2363,student_2363,99,78
2364,student_2364,72,57
2365,student_2365,91,89
2366,student_2366,79,76
2367,student_2367,94,51
2368,student_2368,73,69
2369,student_2369,97,94
2370,student_2370,64,91
2371,student_2371,75,90
2372,student_2372,58,85
2373,student_2373,51,91
2374,student_2374,51,81
2375,student_2375,92,67
2376,student_2376,91,93
2377,student_2377,81,80
2378,student_2378,51,56
2379,student_2379,60,66
2380,student_2380,94,52
2381,student_2381,56,50
2382,student_2382,56,92
2383,student_2383,85,75
2384,student_2384,68,84
2385,student_2385,70,52
2386,student_2386,69,58
2387,student_2387,96,75
2388,student_2388,56,77
2389,student_2389,67,94
2390,student_2390,99,69
2391,student_2391,52,95
2392,student_2392,80,53
2393,student_2393,68,92
2394,student_2394,67,85
2395,student_2395,68,65
2396,student_2396,76,80
2397,student_2397,97,50
2398,student_2398,73,83
2399,student_2399,51,55
2400,student_2400,92,94
2401,student_2401,76,58
2402,student_2402,91,50
2403,student_2403,73,94
2404,student_2404,60,96
2405,student_2405,93,73
2406,student_2406,80,67
2407,student_2407,70,90
2408,student_2408,87,81
2409,student_2409,74,87
2410,student_2410,80,91
2411,student_2411,86,68
2412,student_2412,80,97
2413,student_2413,53,53
2414,student_2414,56,50
2415,student_2415,64,55
2416,student_2416,86,61
2417,student_2417,73,52
2418,student_2418,58,69
2419,student_2419,100,62
2420,student_2420,71,98
2421,student_2421,58,90
2422,student_2422,76,84
2423,student_2423,64,82
2424,student_2424,93,60
2425,student_2425,57,72
2426,student_2426,63,68
2427,student_2427,70,79
2428,student_2428,88,100
2429,student_2429,98,76
2430,student_2430,73,50
2431,student_2431,94,82
2432,student_2432,90,89
2433,student_2433,84,72
2434,student_2434,80,80
2435,student_2435,84,91
2436,student_2436,62,98
2437,student_2437,71,58
2438,student_2438,94,98
2439,student_2439,53,73
2440,student_2440,60,85
2441,student_2441,70,80
2442,student_2442,52,89
2443,student_2443,63,81
2444,student_2444,79,76
2445,student_2445,85,77
2446,student_2446,64,61
2447,student_2447,72,95
2448,student_2448,99,53
2449,student_2449,68,71
2450,student_2450,96,71
2451,student_2451,94,73
2452,student_2452,97,88
2453,student_2453,100,74
2454,student_2454,73,64
2455,student_2455,69,57
2456,student_2456,62,60
2457,student_2457,51,62
2458,student_2458,69,90
2459,student_2459,58,94
2460,student_2460,88,67
2461,student_2461,70,95
2462,student_2462,52,66
2463,student_2463,87,69
2464,student_2464,68,89
2465,student_2465,98,58
2466,student_2466,93,63
2467,student_2467,53,58
2468,student_2468,59,58
2469,student_2469,69,67
2470,student_2470,54,80
2471,student_2471,65,69
2472,student_2472,62,94
2473,student_2473,83,78
2474,student_2474,92,85
2475,student_2475,97,89
2476,student_2476,93,94
2477,student_2477,75,63
2478,student_2478,88,97
2479,student_2479,53,75
2480,student_2480,98,91
2481,student_2481,98,58
2482,student_2482,98,52
2483,student_2483,66,84
2484,student_2484,50,87
2485,student_2485,91,69
2486,student_2486,70,93
2487,student_2487,74,52
2488,student_2488,64,57
2489,student_2489,98,79
2490,student_2490,58,97
2491,student_2491,90,63
2492,student_2492,65,59
2493,student_2493,70,89
2494,student_2494,60,60
2495,student_2495,83,53
2496,student_2496,67,84
2497,student_2497,80,99
2498,student_2498,70,71
2499,student_2499,71,87
2500,student_2500,100,83
2501,student_2501,54,89
2502,student_2502,64,80
2503,student_2503,52,68
2504,student_2504,72,94
2505,student_2505,54,66
2506,student_2506,93,79
2507,student_2507,75,56
2508,student_2508,77,81
2509,student_2509,98,54
2510,student_2510,63,72
2511,student_2511,60,65
2512,student_2512,51,82
2513,student_2513,60,51
2514,student_2514,50,74
2515,student_2515,88,82
2516,student_2516,82,100
2517,student_2517,50,57
2518,student_2518,77,82
2519,student_2519,67,85
2520,student_2520,67,60
2521,student_2521,80,92
2522,student_2522,99,80
2523,student_2523,63,60
2524,student_2524,51,66
2525,student_2525,71,73
2526,student_2526,66,91
2527,student_2527,53,67
2528,student_2528,89,59
2529,student_2529,69,53
2530,student_2530,100,73
2531,student_2531,84,53
2532,student_2532,65,86
2533,student_2533,65,93
2534,student_2534,52,70
2535,student_2535,50,54
2536,student_2536,81,98
2537,student_2537,86,53
2538,student_2538,96,58
2539,student_2539,84,100
2540,student_2540,63,80
2541,student_2541,64,61
2542,student_2542,89,53
2543,student_2543,54,56
2544,student_2544,87,76
2545,student_2545,59,64
2546,student_2546,97,66
2547,student_2547,60,100
2548,student_2548,86,50
2549,student_2549,66,75
2550,student_2550,82,50
2551,student_2551,51,92
2552,student_2552,58,84
2553,student_2553,67,56
2554,student_2554,94,82
2555,student_2555,91,77
2556,student_2556,69,100
2557,student_2557,76,71
2558,student_2558,82,84
2559,student_2559,65,87
2560,student_2560,88,86
2561,student_2561,99,90
2562,student_2562,79,54
2563,student_2563,65,85
2564,student_2564,89,65
2565,student_2565,96,81
2566,student_2566,50,65
2567,student_2567,88,51
2568,student_2568,50,72
2569,student_2569,92,99
2570,student_2570,57,57
2571,student_2571,92,93
2572,student_2572,96,72
2573,student_2573,51,69
2574,student_2574,95,93
2575,student_2575,84,98
2576,student_2576,84,94
2577,student_2577,54,86
2578,student_2578,99,82
2579,student_2579,99,79
2580,student_2580,96,59
2581,student_2581,53,91
2582,student_2582,53,62
2583,student_2583,69,58
2584,student_2584,88,53
2585,student_2585,74,100
2586,student_2586,97,55
2587,student_2587,59,57
2588,student_2588,70,54
2589,student_2589,98,94
2590,student_2590,100,90
2591,student_2591,60,63
2592,student_2592,98,79
2593,student_2593,86,86
2594,student_2594,77,81
2595,student_2595,93,53
2596,student_2596,80,50
2597,student_2597,59,62
2598,student_2598,96,60
2599,student_2599,78,58
2600,student_2600,63,70
2601,student_2601,80,68
2602,student_2602,65,80
2603,student_2603,80,99
2604,student_2604,67,69
2605,student_2605,100,50
2606,student_2606,58,81
2607,student_2607,89,88
2608,student_2608,54,70
2609,student_2609,88,58
2610,student_2610,84,82
2611,student_2611,62,54
2612,student_2612,72,72
2613,student_2613,88,63
2614,student_2614,67,65
2615,student_2615,78,84
2616,student_2616,58,86
2617,student_2617,74,67
2618,student_2618,82,87
2619,student_2619,90,66
2620,student_2620,76,65
2621,student_2621,66,92
2622,student_2622,88,61
2623,student_2623,90,67
2624,student_2624,71,64
2625,student_2625,68,70
2626,student_2626,55,88
2627,student_2627,69,90
2628,student_2628,50,97
2629,student_2629,97,67
2630,student_2630,75,80
2631,student_2631,80,54
2632,student_2632,94,85
2633,student_2633,79,57
2634,student_2634,68,97
2635,student_2635,51,72
2636,student_2636,61,86
2637,student_2637,88,61
2638,student_2638,84,90
2639,student_2639,57,78
2640,student_2640,95,79
2641,student_2641,52,89
2642,student_2642,82,94
2643,student_2643,79,92
2644,student_2644,85,65
2645,student_2645,61,61
2646,student_2646,89,98
2647,student_2647,80,60
2648,student_2648,95,64
2649,student_2649,50,75
2650,student_2650,82,51
2651,student_2651,94,81
2652,student_2652,53,89
2653,student_2653,98,65
2654,student_2654,70,77
2655,student_2655,56,93
2656,student_2656,99,65
2657,student_2657,90,96
2658,student_2658,55,87
2659,student_2659,77,80
2660,student_2660,98,92
2661,student_2661,64,52
2662,student_2662,74,72
2663,student_2663,71,91
2664,student_2664,97,95
2665,student_2665,54,96
2666,student_2666,96,83
2667,student_2667,62,92
2668,student_2668,95,100
2669,student_2669,66,77
2670,student_2670,74,91
2671,student_2671,52,57
2672,student_2672,81,67
2673,student_2673,57,64
2674,student_2674,95,99
2675,student_2675,86,78
2676,student_2676,81,52
2677,student_2677,78,87
2678,student_2678,50,67
2679,student_2679,95,77
2680,student_2680,87,100
2681,student_2681,93,64
2682,student_2682,61,95
2683,student_2683,72,77
2684,student_2684,91,93
2685,student_2685,52,79
2686,student_2686,82,98
2687,student_2687,92,61
2688,student_2688,95,80
2689,student_2689,59,77
2690,student_2690,91,81
2691,student_2691,88,52
2692,student_2692,70,64
2693,student_2693,70,70
2694,student_2694,67,82
2695,student_2695,75,57
2696,student_2696,74,63
2697,student_2697,59,85
2698,student_2698,65,71
2699,student_2699,71,86
2700,student_2700,68,85
2701,student_2701,96,53
2702,student_2702,50,68
2703,student_2703,71,77
2704,student_2704,83,88
2705,student_2705,53,51
2706,student_2706,82,56
2707,student_2707,51,85
2708,student_2708,86,62
2709,student_2709,53,57
2710,student_2710,93,89
2711,student_2711,70,90
2712,student_2712,79,88
2713,student_2713,80,75
2714,student_2714,96,73
2715,student_2715,84,61
2716,student_2716,85,98
2717,student_2717,52,92
2718,student_2718,58,64
2719,student_2719,76,90
2720,student_2720,55,57
2721,student_2721,75,51
2722,student_2722,88,58
2723,student_2723,94,88
2724,student_2724,80,63
2725,student_2725,91,70
2726,student_2726,65,85
2727,student_2727,55,75
2728,student_2728,91,73
2729,student_2729,54,88
2730,student_2730,94,66
2731,student_2731,91,93
2732,student_2732,51,87
2733,student_2733,79,87
2734,student_2734,50,87
2735,student_2735,99,56
2736,student_2736,58,88
2737,student_2737,52,67
2738,student_2738,98,90
2739,student_2739,71,81
2740,student_2740,62,61
2741,student_2741,52,71
2742,student_2742,58,56
2743,student_2743,56,80
2744,student_2744,68,85
2745,student_2745,77,76
2746,student_2746,91,53
2747,student_2747,58,83
2748,student_2748,86,59
2749,student_2749,65,89
2750,student_2750,74,72
2751,student_2751,88,88
2752,student_2752,62,58
2753,student_2753,67,72
2754,student_2754,51,75
2755,student_2755,81,97
2756,student_2756,56,84
2757,student_2757,61,80
2758,student_2758,74,84
2759,student_2759,59,80
2760,student_2760,53,87
2761,student_2761,93,73
2762,student_2762,50,96
2763,student_2763,86,50
2764,student_2764,80,83
2765,student_2765,76,68
2766,student_2766,58,80
2767,student_2767,86,57
2768,student_2768,56,69
2769,student_2769,98,68
2770,student_2770,83,57
2771,student_2771,83,98
2772,student_2772,92,91
2773,student_2773,81,53
2774,student_2774,58,59
2775,student_2775,96,95
2776,student_2776,88,99
2777,student_2777,96,65
2778,student_2778,84,89
2779,student_2779,100,97
2780,student_2780,90,69
2781,student_2781,87,64
2782,student_2782,82,75
2783,student_2783,88,53
2784,student_2784,98,73
2785,student_2785,73,79
2786,student_2786,95,87
2787,student_2787,73,63
2788,student_2788,66,61
2789,student_2789,80,53
2790,student_2790,86,96
2791,student_2791,82,53
2792,student_2792,64,70
2793,student_2793,78,98
2794,student_2794,75,53
2795,student_2795,74,97
2796,student_2796,99,91
2797,student_2797,85,65
2798,student_2798,100,52
2799,student_2799,66,76
2800,student_2800,91,61
2801,student_2801,81,100
2802,student_2802,62,66
2803,student_2803,80,54
2804,student_2804,65,67
2805,student_2805,92,77
2806,student_2806,96,62
2807,student_2807,91,63
2808,student_2808,76,54
2809,student_2809,66,83
2810,student_2810,77,86
2811,student_2811,94,81
2812,student_2812,96,51
2813,student_2813,78,54
2814,student_2814,57,55
2815,student_2815,66,53
2816,student_2816,59,76
2817,student_2817,53,60
2818,student_2818,80,52
2819,student_2819,62,83
2820,student_2820,98,69
2821,student_2821,63,60
2822,student_2822,50,70
2823,student_2823,68,66
2824,student_2824,51,50
2825,student_2825,57,84
2826,student_2826,54,74
2827,student_2827,52,61
2828,student_2828,79,73
2829,student_2829,84,88
2830,student_2830,75,50
2831,student_2831,59,71
2832,student_2832,90,68
2833,student_2833,94,79
2834,student_2834,57,86
2835,student_2835,89,96
2836,student_2836,69,76
2837,student_2837,94,75
2838,student_2838,75,85
2839,student_2839,57,50
2840,student_2840,61,56
2841,student_2841,91,63
2842,student_2842,72,80
2843,student_2843,89,57
2844,student_2844,98,94
2845,student_2845,74,66
2846,student_2846,95,76
2847,student_2847,74,74
2848,student_2848,54,93
2849,student_2849,98,97
2850,student_2850,53,56
2851,student_2851,100,66
2852,student_2852,92,75
2853,student_2853,100,87
2854,student_2854,53,81
2855,student_2855,52,52
2856,student_2856,99,80
2857,student_2857,65,60
2858,student_2858,62,54
2859,student_2859,70,72
2860,student_2860,96,74
2861,student_2861,90,94
2862,student_2862,66,59
2863,student_2863,86,50
2864,student_2864,80,75
2865,student_2865,78,97
2866,student_2866,90,57
2867,student_2867,74,92
2868,student_2868,62,98
2869,student_2869,79,81
2870,student_2870,51,94
2871,student_2871,65,56
2872,student_2872,69,78
2873,student_2873,80,82
2874,student_2874,64,56
2875,student_2875,55,58
2876,student_2876,95,62
2877,student_2877,76,80
2878,student_2878,54,71
2879,student_2879,72,96
2880,student_2880,83,74
2881,student_2881,70,67
2882,student_2882,81,68
2883,student_2883,95,100
2884,student_2884,52,100
2885,student_2885,57,64
2886,student_2886,51,99
2887,student_2887,91,63
2888,student_2888,84,61
2889,student_2889,66,63
2890,student_2890,75,68
2891,student_2891,56,58
2892,student_2892,62,86
2893,student_2893,94,74
2894,student_2894,79,90
2895,student_2895,69,52
2896,student_2896,80,64
2897,student_2897,79,75
2898,student_2898,87,87
2899,student_2899,76,96
2900,student_2900,84,70
2901,student_2901,81,90
2902,student_2902,96,51
2903,student_2903,92,53
2904,student_2904,58,95
2905,student_2905,71,73
2906,student_2906,56,66
2907,student_2907,53,81
2908,student_2908,72,74
2909,student_2909,61,55
2910,student_2910,70,66
2911,student_2911,92,96
2912,student_2912,99,53
2913,student_2913,51,53
2914,student_2914,55,61
2915,student_2915,59,95
2916,student_2916,65,72
2917,student_2917,51,77
2918,student_2918,100,81
2919,student_2919,87,79
2920,student_2920,79,70
2921,student_2921,61,78
2922,student_2922,81,96
2923,student_2923,60,93
2924,student_2924,85,65
2925,student_2925,90,86
2926,student_2926,81,54
2927,student_2927,80,74
2928,student_2928,73,56
2929,student_2929,54,92
2930,student_2930,56,61
2931,student_2931,91,63
2932,student_2932,65,60
2933,student_2933,81,87
2934,student_2934,67,58
2935,student_2935,52,50
2936,student_2936,92,100
2937,student_2937,62,83
2938,student_2938,99,50
2939,student_2939,72,70
2940,student_2940,71,75
2941,student_2941,85,62
2942,student_2942,54,86
2943,student_2943,61,69
2944,student_2944,83,90
2945,student_2945,80,51
2946,student_2946,82,57
2947,student_2947,78,72
2948,student_2948,81,96
2949,student_2949,85,98
2950,student_2950,78,82
2951,student_2951,50,68
2952,student_2952,98,63
2953,student_2953,93,82
2954,student_2954,70,56
2955,student_2955,80,56
2956,student_2956,81,54
2957,student_2957,58,72
2958,student_2958,69,97
2959,student_2959,81,76
2960,student_2960,64,67
2961,student_2961,71,100
2962,student_2962,92,81
2963,student_2963,87,50
2964,student_2964,62,58
2965,student_2965,83,77
2966,student_2966,92,72
2967,student_2967,74,96
2968,student_2968,51,79
2969,student_2969,96,58
2970,student_2970,69,84
2971,student_2971,78,96
2972,student_2972,95,85
2973,student_2973,79,87
2974,student_2974,83,53
2975,student_2975,60,78
2976,student_2976,82,98
2977,student_2977,83,95
2978,student_2978,82,86
2979,student_2979,78,63
2980,student_2980,57,73
2981,student_2981,99,74
2982,student_2982,85,92
2983,student_2983,76,65
2984,student_2984,88,62
2985,student_2985,77,98
2986,student_2986,70,68
2987,student_2987,99,94
2988,student_2988,88,73
2989,student_2989,73,98
2990,student_2990,96,66
2991,student_2991,64,74
2992,student_2992,85,64
2993,student_2993,89,55
2994,student_2994,72,99
2995,student_2995,86,100
2996,student_2996,77,62
2997,student_2997,78,78
2998,student_2998,98,99
2999,student_2999,57,52
3000,student_3000,51,61
3001,student_3001,89,54
3002,student_3002,58,78
3003,student_3003,65,81
3004,student_3004,95,77
3005,student_3005,86,78
3006,student_3006,76,88
3007,student_3007,72,68
3008,student_3008,65,100
3009,student_3009,90,76
3010,student_3010,77,68
3011,student_3011,99,51
3012,student_3012,91,91
3013,student_3013,61,56
3014,student_3014,73,72
3015,student_3015,50,87
3016,student_3016,88,60
3017,student_3017,67,68
3018,student_3018,100,77
3019,student_3019,57,68
3020,student_3020,92,72
3021,student_3021,93,60
3022,student_3022,80,73
3023,student_3023,61,61
3024,student_3024,72,99
3025,student_3025,62,76
3026,student_3026,85,86
3027,student_3027,74,51
3028,student_3028,79,80
3029,student_3029,70,98
3030,student_3030,96,74
3031,student_3031,79,54
3032,student_3032,96,67
3033,student_3033,60,92
3034,student_3034,96,58
3035,student_3035,61,82
3036,student_3036,82,66
3037,student_3037,59,85
3038,student_3038,81,87
3039,student_3039,89,56
3040,student_3040,95,72
3041,student_3041,77,58
3042,student_3042,73,92
3043,student_3043,52,91
3044,student_3044,82,59
3045,student_3045,83,77
3046,student_3046,50,68
3047,student_3047,60,98
3048,student_3048,95,91
3049,student_3049,98,75
3050,student_3050,87,67
3051,student_3051,57,53
3052,student_3052,91,61
3053,student_3053,64,91
3054,student_3054,64,82
3055,student_3055,50,68
3056,student_3056,80,82
3057,student_3057,97,93
3058,student_3058,74,90
3059,student_3059,60,94
3060,student_3060,93,67
3061,student_3061,63,90
3062,student_3062,93,99
3063,student_3063,63,58
3064,student_3064,56,98
3065,student_3065,64,70
3066,student_3066,80,56
3067,student_3067,92,65
3068,student_3068,54,55
3069,student_3069,76,94
3070,student_3070,74,99
3071,student_3071,93,89
3072,student_3072,72,89
3073,student_3073,92,99
3074,student_3074,69,58
3075,student_3075,75,51
3076,student_3076,65,64
3077,student_3077,52,56
3078,student_3078,51,93
3079,student_3079,83,61
3080,student_3080,69,90
3081,student_3081,68,86
3082,student_3082,73,95
3083,student_3083,90,60
3084,student_3084,60,82
3085,student_3085,93,74
3086,student_3086,99,98
3087,student_3087,51,61
3088,student_3088,58,65
3089,student_3089,82,94
3090,student_3090,94,92
3091,student_3091,94,94
3092,student_3092,72,71
3093,student_3093,99,97
3094,student_3094,55,99
3095,student_3095,100,66
3096,student_3096,90,67
3097,student_3097,65,91
3098,student_3098,82,70
3099,student_3099,96,70
3100,student_3100,82,100
3101,student_3101,71,67
3102,student_3102,83,73
3103,student_3103,62,89
3104,student_3104,61,67
3105,student_3105,71,90
3106,student_3106,55,72
3107,student_3107,74,90
3108,student_3108,63,68
3109,student_3109,68,75
3110,student_3110,100,58
3111,student_3111,76,66
3112,student_3112,94,96
3113,student_3113,80,76
3114,student_3114,94,84
3115,student_3115,73,63
3116,student_3116,87,65
3117,student_3117,80,65
3118,student_3118,72,56
3119,student_3119,54,81
3120,student_3120,65,82
3121,student_3121,76,52
3122,student_3122,60,83
3123,student_3123,94,79
3124,student_3124,95,77
3125,student_3125,68,69
3126,student_3126,68,52
3127,student_3127,79,77
3128,student_3128,51,87
3129,student_3129,98,89
3130,student_3130,55,75
3131,student_3131,59,53
3132,student_3132,87,81
3133,student_3133,74,86
3134,student_3134,73,70
3135,student_3135,62,73
3136,student_3136,55,50
3137,student_3137,100,55
3138,student_3138,77,93
3139,student_3139,92,79
3140,student_3140,53,53
3141,student_3141,61,62
3142,student_3142,91,91
3143,student_3143,76,94
3144,student_3144,94,96
3145,student_3145,75,52
3146,student_3146,65,89
3147,student_3147,61,93
3148,student_3148,89,58
3149,student_3149,80,82
3150,student_3150,90,89
3151,student_3151,84,98
3152,student_3152,63,86
3153,student_3153,91,83
3154,student_3154,99,60
3155,student_3155,76,87
3156,student_3156,52,89
3157,student_3157,67,72
3158,student_3158,53,74
3159,student_3159,51,73
3160,student_3160,52,63
3161,student_3161,65,76
3162,student_3162,89,62
3163,student_3163,55,89
3164,student_3164,67,54
3165,student_3165,61,83
3166,student_3166,64,96
3167,student_3167,83,68
3168,student_3168,66,58
3169,student_3169,62,78
3170,student_3170,72,71
3171,student_3171,93,71
3172,student_3172,61,65
3173,student_3173,98,91
3174,student_3174,81,55
3175,student_3175,87,88
3176,student_3176,72,53
3177,student_3177,72,99
3178,student_3178,51,61
3179,student_3179,58,57
3180,student_3180,94,98
3181,student_3181,69,72
3182,student_3182,55,90
3183,student_3183,96,85
3184,student_3184,90,79
3185,student_3185,90,84
3186,student_3186,70,65
3187,student_3187,100,94
3188,student_3188,79,77
3189,student_3189,64,77
3190,student_3190,78,76
3191,student_3191,68,71
3192,student_3192,82,77
3193,student_3193,50,62
3194,student_3194,78,96
3195,student_3195,96,68
3196,student_3196,87,86
3197,student_3197,54,54
3198,student_3198,96,98
3199,student_3199,50,76
3200,student_3200,55,99
3201,student_3201,73,71
3202,student_3202,52,89
3203,student_3203,62,83
3204,student_3204,81,77
3205,student_3205,55,89
3206,student_3206,100,73
3207,student_3207,58,82
3208,student_3208,68,88
3209,student_3209,100,65
3210,student_3210,82,67
3211,student_3211,77,50
3212,student_3212,86,63
3213,student_3213,65,56
3214,student_3214,87,78
3215,student_3215,93,99
3216,student_3216,54,69
3217,student_3217,83,86
3218,student_3218,76,95
3219,student_3219,65,88
3220,student_3220,99,55
3221,student_3221,95,70
3222,student_3222,62,89
3223,student_3223,96,74
3224,student_3224,97,95
3225,student_3225,63,97
3226,student_3226,89,64
3227,student_3227,80,85
3228,student_3228,82,95
3229,student_3229,57,82
3230,student_3230,83,68
3231,student_3231,69,88
3232,student_3232,80,79
3233,student_3233,52,92
3234,student_3234,54,59
3235,student_3235,60,99
3236,student_3236,84,82
3237,student_3237,86,70
3238,student_3238,53,100
3239,student_3239,56,97
3240,student_3240,55,79
3241,student_3241,97,63
3242,student_3242,75,98
3243,student_3243,53,77
3244,student_3244,81,100
3245,student_3245,96,86
3246,student_3246,63,78
3247,student_3247,85,54
3248,student_3248,86,71
3249,student_3249,99,55
3250,student_3250,86,80
3251,student_3251,83,77
3252,student_3252,73,69
3253,student_3253,51,69
3254,student_3254,53,83
3255,student_3255,79,55
3256,student_3256,96,95
3257,student_3257,88,98
3258,student_3258,75,52
3259,student_3259,60,97
3260,student_3260,73,79
3261,student_3261,56,51
3262,student_3262,76,84
3263,student_3263,75,64
3264,student_3264,67,62
3265,student_3265,76,93
3266,student_3266,74,54
3267,student_3267,74,70
3268,student_3268,68,100
3269,student_3269,60,77
3270,student_3270,92,89
3271,student_3271,91,92
3272,student_3272,87,94
3273,student_3273,89,62
3274,student_3274,64,100
3275,student_3275,89,84
3276,student_3276,83,79
3277,student_3277,87,80
3278,student_3278,74,94
3279,student_3279,94,93
3280,student_3280,60,50
3281,student_3281,80,98
3282,student_3282,52,58
3283,student_3283,89,90
3284,student_3284,84,81
3285,student_3285,65,85
3286,student_3286,62,100
3287,student_3287,61,91
3288,student_3288,63,79
3289,student_3289,54,79
3290,student_3290,85,62
3291,student_3291,93,95
3292,student_3292,89,93
3293,student_3293,69,98
3294,student_3294,97,61
3295,student_3295,70,66
3296,student_3296,60,94
3297,student_3297,74,61
3298,student_3298,95,53
3299,student_3299,93,89
3300,student_3300,95,90
3301,student_3301,62,51
3302,student_3302,97,55
3303,student_3303,67,80
3304,student_3304,60,71
3305,student_3305,79,92
3306,student_3306,64,51
3307,student_3307,99,95
3308,student_3308,69,80
3309,student_3309,50,81
3310,student_3310,88,58
3311,student_3311,61,70
3312,student_3312,87,84
3313,student_3313,96,60
3314,student_3314,93,96
3315,student_3315,58,70
3316,student_3316,82,55
3317,student_3317,65,51
3318,student_3318,100,97
3319,student_3319,65,74
3320,student_3320,90,54
3321,student_3321,88,84
3322,student_3322,90,60
3323,student_3323,83,93
3324,student_3324,50,69
3325,student_3325,84,76
3326,student_3326,64,76
3327,student_3327,97,90
3328,student_3328,69,54
3329,student_3329,78,73
3330,student_3330,60,69
3331,student_3331,65,83
3332,student_3332,57,56
3333,student_3333,97,59
3334,student_3334,86,76
3335,student_3335,80,58
3336,student_3336,52,55
3337,student_3337,62,78
3338,student_3338,67,81
3339,student_3339,63,90
3340,student_3340,77,89
3341,student_3341,78,98
3342,student_3342,57,84
3343,student_3343,61,75
3344,student_3344,67,91
3345,student_3345,69,52
3346,student_3346,78,87
3347,student_3347,85,82
3348,student_3348,88,68
3349,student_3349,96,50
3350,student_3350,50,64
3351,student_3351,80,83
3352,student_3352,77,91
3353,student_3353,56,97
3354,student_3354,78,53
3355,student_3355,79,98
3356,student_3356,60,53
3357,student_3357,74,62
3358,student_3358,89,68
3359,student_3359,98,66
3360,student_3360,93,75
3361,student_3361,83,74
3362,student_3362,82,51
3363,student_3363,90,98
3364,student_3364,74,86
3365,student_3365,99,80
3366,student_3366,86,72
3367,student_3367,77,96
3368,student_3368,64,65
3369,student_3369,88,64
3370,student_3370,55,51
3371,student_3371,62,99
3372,student_3372,95,95
3373,student_3373,78,58
3374,student_3374,57,56
3375,student_3375,51,96
3376,student_3376,97,59
3377,student_3377,87,93
3378,student_3378,89,82
3379,student_3379,94,59
3380,student_3380,68,71
3381,student_3381,82,87
3382,student_3382,79,100
3383,student_3383,80,65
3384,student_3384,97,96
3385,student_3385,74,94
3386,student_3386,87,89
3387,student_3387,57,68
3388,student_3388,94,84
3389,student_3389,74,75
3390,student_3390,61,84
3391,student_3391,76,66
3392,student_3392,76,58
3393,student_3393,87,94
3394,student_3394,92,60
3395,student_3395,67,84
3396,student_3396,63,80
3397,student_3397,89,72
3398,student_3398,86,65
3399,student_3399,84,94
3400,student_3400,100,90
3401,student_3401,60,82
3402,student_3402,92,56
3403,student_3403,58,59
3404,student_3404,60,51
3405,student_3405,68,85
3406,student_3406,57,69
3407,student_3407,85,75
3408,student_3408,66,53
3409,student_3409,72,72
3410,student_3410,55,58
3411,student_3411,68,99
3412,student_3412,78,93
3413,student_3413,54,72
3414,student_3414,62,58
3415,student_3415,57,88
3416,student_3416,95,72
3417,student_3417,87,86
3418,student_3418,87,69
3419,student_3419,88,72
3420,student_3420,82,77
3421,student_3421,84,83
3422,student_3422,85,61
3423,student_3423,86,84
3424,student_3424,96,64
3425,student_3425,56,73
3426,student_3426,71,89
3427,student_3427,68,67
3428,student_3428,55,91
3429,student_3429,79,91
3430,student_3430,67,80
3431,student_3431,50,62
3432,student_3432,78,50
3433,student_3433,100,50
3434,student_3434,82,75
3435,student_3435,60,74
3436,student_3436,92,95
3437,student_3437,94,62
3438,student_3438,91,55
3439,student_3439,63,78
3440,student_3440,58,90
3441,student_3441,91,84
3442,student_3442,72,76
3443,student_3443,56,54
3444,student_3444,95,88
3445,student_3445,60,98
3446,student_3446,91,67
3447,student_3447,89,76
3448,student_3448,94,51
3449,student_3449,91,71
3450,student_3450,78,69
3451,student_3451,75,92
3452,student_3452,74,53
3453,student_3453,79,54
3454,student_3454,96,52
3455,student_3455,92,61
3456,student_3456,91,89
3457,student_3457,62,68
3458,student_3458,76,60
3459,student_3459,100,66
3460,student_3460,85,61
3461,student_3461,64,63
3462,student_3462,85,72
3463,student_3463,64,72
3464,student_3464,67,83
3465,student_3465,51,82
3466,student_3466,55,69
3467,student_3467,71,99
3468,student_3468,70,100
3469,student_3469,88,74
3470,student_3470,88,64
3471,student_3471,55,59
3472,student_3472,56,50
3473,student_3473,73,62
3474,student_3474,55,62
3475,student_3475,68,72
3476,student_3476,73,52
3477,student_3477,63,93
3478,student_3478,85,78
3479,student_3479,77,72
3480,student_3480,72,74
3481,student_3481,75,53
3482,student_3482,72,90
3483,student_3483,85,87
3484,student_3484,93,78
3485,student_3485,65,86
3486,student_3486,100,68
3487,student_3487,89,82
3488,student_3488,78,71
3489,student_3489,68,83
3490,student_3490,60,76
3491,student_3491,56,89
3492,student_3492,99,86
3493,student_3493,69,94
3494,student_3494,98,100
3495,student_3495,72,74
3496,student_3496,91,62
3497,student_3497,83,65
3498,student_3498,96,52
3499,student_3499,63,78
3500,student_3500,89,97
3501,student_3501,81,97
3502,student_3502,91,75
3503,student_3503,80,60
3504,student_3504,100,72
3505,student_3505,75,61
3506,student_3506,66,92
3507,student_3507,53,59
3508,student_3508,63,91
3509,student_3509,51,70
3510,student_3510,85,83
3511,student_3511,80,95
3512,student_3512,68,69
3513,student_3513,89,74
3514,student_3514,62,58
3515,student_3515,64,71
3516,student_3516,58,67
3517,student_3517,79,90
3518,student_3518,83,64
3519,student_3519,87,51
3520,student_3520,71,71
3521,student_3521,64,52
3522,student_3522,79,90
3523,student_3523,77,83
3524,student_3524,84,67
3525,student_3525,79,98
3526,student_3526,100,58
3527,student_3527,92,67
3528,student_3528,61,79
3529,student_3529,76,77
3530,student_3530,94,64
3531,student_3531,94,68
3532,student_3532,57,54
3533,student_3533,76,85
3534,student_3534,88,78
3535,student_3535,96,88
3536,student_3536,82,84
3537,student_3537,69,67
3538,student_3538,62,50
3539,student_3539,80,77
3540,student_3540,66,60
3541,student_3541,52,62
3542,student_3542,71,68
3543,student_3543,88,69
3544,student_3544,70,75
3545,student_3545,57,92
3546,student_3546,59,82
3547,student_3547,75,98
3548,student_3548,100,91
3549,student_3549,75,82
3550,student_3550,51,82
3551,student_3551,71,97
3552,student_3552,60,78
3553,student_3553,59,67
3554,student_3554,73,83
3555,student_3555,89,77
3556,student_3556,54,51
3557,student_3557,100,61
3558,student_3558,70,51
3559,student_3559,75,100
3560,student_3560,100,52
3561,student_3561,78,97
3562,student_3562,95,85
3563,student_3563,56,93
3564,student_3564,100,53
3565,student_3565,100,68
3566,student_3566,83,87
3567,student_3567,93,77
3568,student_3568,53,54
3569,student_3569,67,98
3570,student_3570,90,84
3571,student_3571,97,83
3572,student_3572,87,78
3573,student_3573,99,61
3574,student_3574,64,92
3575,student_3575,90,74
3576,student_3576,50,74
3577,student_3577,95,63
3578,student_3578,96,93
3579,student_3579,96,85
3580,student_3580,50,87
3581,student_3581,57,96
3582,student_3582,50,84
3583,student_3583,99,67
3584,student_3584,89,90
3585,student_3585,62,63
3586,student_3586,71,88
3587,student_3587,70,77
3588,student_3588,76,79
3589,student_3589,93,85
3590,student_3590,65,53
3591,student_3591,56,57
3592,student_3592,80,82
3593,student_3593,86,73
3594,student_3594,82,83
3595,student_3595,82,97
3596,student_3596,99,57
3597,student_3597,76,84
3598,student_3598,67,63
3599,student_3599,80,89
3600,student_3600,60,97
3601,student_3601,90,71
3602,student_3602,57,89
3603,student_3603,63,62
3604,student_3604,81,91
3605,student_3605,93,54
3606,student_3606,55,91
3607,student_3607,60,68
3608,student_3608,97,84
3609,student_3609,94,80
3610,student_3610,67,93
3611,student_3611,72,61
3612,student_3612,81,93
3613,student_3613,65,92
3614,student_3614,65,60
3615,student_3615,89,82
3616,student_3616,62,56
3617,student_3617,79,72
3618,student_3618,59,89
3619,student_3619,76,69
3620,student_3620,83,92
3621,student_3621,78,60
3622,student_3622,85,81
3623,student_3623,90,89
3624,student_3624,58,96
3625,student_3625,66,100
3626,student_3626,66,61
3627,student_3627,68,100
3628,student_3628,69,75
3629,student_3629,79,69
3630,student_3630,90,97
3631,student_3631,77,100
3632,student_3632,58,71
3633,student_3633,75,76
3634,student_3634,68,92
3635,student_3635,51,87
3636,student_3636,51,63
3637,student_3637,97,74
3638,student_3638,72,51
3639,student_3639,66,64
3640,student_3640,80,95
3641,student_3641,54,94
3642,student_3642,65,55
3643,student_3643,80,64
3644,student_3644,58,59
3645,student_3645,72,60
3646,student_3646,56,81
3647,student_3647,79,57
3648,student_3648,84,97
3649,student_3649,67,64
3650,student_3650,68,55
3651,student_3651,69,88
3652,student_3652,75,80
3653,student_3653,100,61
3654,student_3654,69,83
3655,student_3655,60,88
3656,student_3656,97,94
3657,student_3657,100,63
3658,student_3658,99,79
3659,student_3659,86,77
3660,student_3660,71,59
3661,student_3661,70,55
3662,student_3662,50,94
3663,student_3663,78,89
3664,student_3664,50,50
3665,student_3665,59,99
3666,student_3666,86,93
3667,student_3667,62,95
3668,student_3668,99,92
3669,student_3669,91,58
3670,student_3670,89,50
3671,student_3671,52,86
3672,student_3672,56,54
3673,student_3673,64,60
3674,student_3674,96,60
3675,student_3675,80,73
3676,student_3676,94,72
3677,student_3677,73,96
3678,student_3678,64,54
3679,student_3679,80,79
3680,student_3680,96,91
3681,student_3681,92,61
3682,student_3682,59,67
3683,student_3683,97,56
3684,student_3684,82,92
3685,student_3685,75,57
3686,student_3686,81,57
3687,student_3687,88,87
3688,student_3688,77,97
3689,student_3689,76,86
3690,student_3690,77,88
3691,student_3691,63,63
3692,student_3692,54,79
3693,student_3693,81,92
3694,student_3694,97,56
3695,student_3695,74,59
3696,student_3696,67,60
3697,student_3697,92,73
3698,student_3698,95,97
3699,student_3699,58,56
3700,student_3700,50,74
3701,student_3701,86,86
3702,student_3702,61,60
3703,student_3703,95,69
3704,student_3704,93,91
3705,student_3705,93,52
3706,student_3706,75,91
3707,student_3707,95,89
3708,student_3708,80,73
3709,student_3709,83,80
3710,student_3710,85,73
3711,student_3711,63,97
3712,student_3712,58,86
3713,student_3713,81,100
3714,student_3714,59,56
3715,student_3715,54,84
3716,student_3716,51,67
3717,student_3717,98,51
3718,student_3718,92,87
3719,student_3719,74,84
3720,student_3720,60,97
3721,student_3721,63,69
3722,student_3722,67,95
3723,student_3723,100,60
3724,student_3724,60,95
3725,student_3725,51,60
3726,student_3726,64,53
3727,student_3727,66,100
3728,student_3728,55,65
3729,student_3729,61,54
3730,student_3730,82,78
3731,student_3731,84,64
3732,student_3732,83,70
3733,student_3733,50,60
3734,student_3734,83,93
3735,student_3735,50,65
3736,student_3736,74,56
3737,student_3737,50,52
3738,student_3738,57,66
3739,student_3739,83,67
3740,student_3740,86,56
3741,student_3741,88,89
3742,student_3742,55,60
3743,student_3743,70,89
3744,student_3744,64,68
3745,student_3745,77,71
3746,student_3746,60,72
3747,student_3747,69,90
3748,student_3748,83,50
3749,student_3749,100,62
3750,student_3750,58,93
3751,student_3751,52,96
3752,student_3752,100,77
3753,student_3753,68,52
3754,student_3754,100,50
3755,student_3755,69,64
3756,student_3756,78,62
3757,student_3757,58,56
3758,student_3758,84,76
3759,student_3759,69,55
3760,student_3760,71,93
3761,student_3761,85,70
3762,student_3762,99,92
3763,student_3763,79,84
3764,student_3764,61,62
3765,student_3765,97,86
3766,student_3766,90,79
3767,student_3767,99,55
3768,student_3768,71,91
3769,student_3769,53,68
3770,student_3770,61,55
3771,student_3771,83,62
3772,student_3772,82,87
3773,student_3773,60,88
3774,student_3774,87,76
3775,student_3775,70,98
3776,student_3776,64,94
3777,student_3777,97,75
3778,student_3778,51,91
3779,student_3779,59,77
3780,student_3780,90,88
3781,student_3781,76,77
3782,student_3782,95,68
3783,student_3783,76,95
3784,student_3784,99,99
3785,student_3785,70,54
3786,student_3786,70,51
3787,student_3787,79,58
3788,student_3788,63,53
3789,student_3789,51,78
3790,student_3790,79,68
3791,student_3791,53,58
3792,student_3792,65,100
3793,student_3793,71,79
3794,student_3794,66,58
3795,student_3795,85,71
3796,student_3796,62,98
3797,student_3797,91,64
3798,student_3798,79,77
3799,student_3799,74,87
3800,student_3800,74,88
3801,student_3801,99,76
3802,student_3802,99,53
3803,student_3803,51,61
3804,student_3804,86,57
3805,student_3805,80,91
3806,student_3806,99,99
3807,student_3807,54,77
3808,student_3808,90,92
3809,student_3809,54,91
3810,student_3810,67,77
3811,student_3811,50,91
3812,student_3812,99,53
3813,student_3813,90,79
3814,student_3814,74,97
3815,student_3815,83,82
3816,student_3816,57,66
3817,student_3817,83,77
3818,student_3818,100,87
3819,student_3819,62,62
3820,student_3820,63,54
3821,student_3821,99,77
3822,student_3822,63,90
3823,student_3823,64,100
3824,student_3824,64,82
3825,student_3825,61,94
3826,student_3826,94,85
3827,student_3827,96,70
3828,student_3828,98,87
3829,student_3829,83,74
3830,student_3830,61,79
3831,student_3831,72,97
3832,student_3832,96,100
3833,student_3833,99,64
3834,student_3834,53,97
3835,student_3835,90,76
3836,student_3836,86,56
3837,student_3837,75,96
3838,student_3838,86,88
3839,student_3839,100,84
3840,student_3840,66,65
3841,student_3841,58,95
3842,student_3842,68,57
3843,student_3843,98,92
3844,student_3844,88,99
3845,student_3845,60,58
3846,student_3846,93,62
3847,student_3847,72,60
3848,student_3848,95,73
3849,student_3849,85,84
3850,student_3850,61,56
3851,student_3851,68,86
3852,student_3852,95,55
3853,student_3853,80,54
3854,student_3854,92,97
3855,student_3855,83,80
3856,student_3856,77,95
3857,student_3857,81,89
3858,student_3858,84,64
3859,student_3859,75,52
3860,student_3860,66,51
3861,student_3861,82,65
3862,student_3862,82,57
3863,student_3863,74,72
3864,student_3864,50,73
3865,student_3865,96,84
3866,student_3866,75,74
3867,student_3867,84,58
3868,student_3868,82,88
3869,student_3869,85,89
3870,student_3870,84,84
3871,student_3871,72,86
3872,student_3872,58,75
3873,student_3873,85,50
3874,student_3874,64,61
3875,student_3875,79,99
3876,student_3876,76,71
3877,student_3877,58,100
3878,student_3878,91,70
3879,student_3879,67,62
3880,student_3880,53,72
3881,student_3881,99,80
3882,student_3882,90,58
3883,student_3883,59,91
3884,student_3884,60,50
3885,student_3885,72,89
3886,student_3886,93,94
3887,student_3887,59,64
3888,student_3888,94,96
3889,student_3889,72,57
3890,student_3890,86,57
3891,student_3891,66,83
3892,student_3892,55,60
3893,student_3893,84,64
3894,student_3894,95,87
3895,student_3895,56,53
3896,student_3896,74,67
3897,student_3897,78,71
3898,student_3898,77,97
3899,student_3899,90,56
3900,student_3900,99,99
3901,student_3901,52,78
3902,student_3902,80,52
3903,student_3903,98,100
3904,student_3904,86,52
3905,student_3905,58,69
3906,student_3906,85,54
3907,student_3907,80,90
3908,student_3908,57,91
3909,student_3909,100,53
3910,student_3910,84,70
3911,student_3911,74,65
3912,student_3912,81,75
3913,student_3913,91,73
3914,student_3914,84,63
3915,student_3915,76,53
3916,student_3916,57,61
3917,student_3917,84,100
3918,student_3918,69,76
3919,student_3919,89,97
3920,student_3920,53,50
3921,student_3921,86,88
3922,student_3922,68,76
3923,student_3923,70,88
3924,student_3924,71,72
3925,student_3925,85,77
3926,student_3926,77,98
3927,student_3927,100,56
3928,student_3928,92,100
3929,student_3929,65,68
3930,student_3930,83,98
3931,student_3931,54,81
3932,student_3932,53,91
3933,student_3933,84,63
3934,student_3934,50,73
3935,student_3935,99,85
3936,student_3936,99,76
3937,student_3937,57,96
3938,student_3938,99,55
3939,student_3939,54,98
3940,student_3940,95,66
3941,student_3941,77,60
3942,student_3942,83,90
3943,student_3943,64,56
3944,student_3944,98,62
3945,student_3945,74,53
3946,student_3946,58,81
3947,student_3947,55,70
3948,student_3948,84,89
3949,student_3949,57,61
3950,student_3950,94,73
3951,student_3951,100,60
3952,student_3952,52,85
3953,student_3953,76,61
3954,student_3954,98,94
3955,student_3955,52,59
3956,student_3956,95,83
3957,student_3957,99,71
3958,student_3958,92,53
3959,student_3959,81,85
3960,student_3960,68,75
3961,student_3961,73,79
3962,student_3962,89,64
3963,student_3963,72,63
3964,student_3964,72,52
3965,student_3965,56,94
3966,student_3966,75,78
3967,student_3967,75,81
3968,student_3968,92,82
3969,student_3969,59,58
3970,student_3970,93,51
3971,student_3971,50,51
3972,student_3972,62,59
3973,student_3973,54,74
3974,student_3974,95,95
3975,student_3975,51,61
3976,student_3976,68,71
3977,student_3977,77,52
3978,student_3978,57,56
3979,student_3979,53,85
3980,student_3980,70,83
3981,student_3981,100,67
3982,student_3982,80,71
3983,student_3983,70,55
3984,student_3984,54,51
3985,student_3985,80,71
3986,student_3986,88,83
3987,student_3987,81,95
3988,student_3988,78,82
3989,student_3989,77,63
3990,student_3990,99,70
3991,student_3991,63,63
3992,student_3992,76,58
3993,student_3993,96,77
3994,student_3994,66,81
3995,student_3995,88,62
3996,student_3996,56,92
3997,student_3997,95,70
3998,student_3998,53,92
3999,student_3999,59,78
4000,student_4000,97,87
4001,student_4001,89,84
4002,student_4002,96,96
4003,student_4003,77,82
4004,student_4004,100,59
4005,student_4005,87,69
4006,student_4006,55,93
4007,student_4007,90,64
4008,student_4008,95,99
4009,student_4009,81,61
4010,student_4010,72,82
4011,student_4011,57,70
4012,student_4012,74,72
4013,student_4013,69,54
4014,student_4014,75,86
4015,student_4015,93,98
4016,student_4016,93,89
4017,student_4017,58,62
4018,student_4018,59,53
4019,student_4019,98,63
4020,student_4020,97,56
4021,student_4021,70,54
4022,student_4022,63,94
4023,student_4023,87,75
4024,student_4024,58,92
4025,student_4025,79,96
4026,student_4026,93,97
4027,student_4027,80,73
4028,student_4028,63,61
4029,student_4029,90,83
4030,student_4030,84,54
4031,student_4031,64,84
4032,student_4032,84,80
4033,student_4033,57,95
4034,student_4034,78,78
4035,student_4035,77,90
4036,student_4036,91,84
4037,student_4037,83,57
4038,student_4038,70,73
4039,student_4039,91,66
4040,student_4040,83,99
4041,student_4041,82,85
4042,student_4042,68,50
4043,student_4043,70,83
4044,student_4044,52,96
4045,student_4045,78,83
4046,student_4046,79,91
4047,student_4047,87,79
4048,student_4048,50,93
4049,student_4049,88,90
4050,student_4050,63,87
4051,student_4051,96,83
4052,student_4052,57,86
4053,student_4053,53,96
4054,student_4054,66,88
4055,student_4055,99,60
4056,student_4056,86,65
4057,student_4057,67,54
4058,student_4058,92,61
4059,student_4059,54,97
4060,student_4060,80,58
4061,student_4061,63,61
4062,student_4062,75,50
4063,student_4063,83,88
4064,student_4064,54,58
4065,student_4065,52,72
4066,student_4066,56,98
4067,student_4067,84,99
4068,student_4068,80,90
4069,student_4069,94,89
4070,student_4070,65,55
4071,student_4071,55,87
4072,student_4072,63,60
4073,student_4073,61,65
4074,student_4074,76,85
4075,student_4075,89,71
4076,student_4076,67,58
4077,student_4077,98,100
4078,student_4078,85,83
4079,student_4079,82,52
4080,student_4080,74,50
4081,student_4081,75,90
4082,student_4082,57,77
4083,student_4083,56,58
4084,student_4084,69,75
4085,student_4085,73,73
4086,student_4086,69,52
4087,student_4087,60,98
4088,student_4088,67,100
4089,student_4089,73,94
4090,student_4090,56,51
4091,student_4091,53,80
4092,student_4092,79,93
4093,student_4093,59,70
4094,student_4094,89,76
4095,student_4095,66,78
4096,student_4096,97,70
4097,student_4097,95,79
4098,student_4098,92,66
4099,student_4099,57,81
4100,student_4100,60,100
4101,student_4101,85,52
4102,student_4102,59,62
4103,student_4103,85,72
4104,student_4104,62,72
4105,student_4105,96,59
4106,student_4106,77,83
4107,student_4107,87,79
4108,student_4108,60,92
4109,student_4109,70,56
4110,student_4110,61,100
4111,student_4111,81,80
4112,student_4112,66,69
4113,student_4113,51,82
4114,student_4114,52,84
4115,student_4115,100,60
4116,student_4116,71,91
4117,student_4117,76,89
4118,student_4118,69,76
4119,student_4119,98,94
4120,student_4120,94,60
4121,student_4121,91,61
4122,student_4122,95,85
4123,student_4123,55,81
4124,student_4124,99,73
4125,student_4125,99,78
4126,student_4126,63,75
4127,student_4127,93,91
4128,student_4128,98,95
4129,student_4129,55,87
4130,student_4130,62,61
4131,student_4131,76,68
4132,student_4132,85,80
4133,student_4133,75,61
4134,student_4134,73,67
4135,student_4135,64,88
4136,student_4136,98,69
4137,student_4137,84,66
4138,student_4138,66,51
4139,student_4139,84,61
4140,student_4140,62,59
4141,student_4141,72,95
4142,student_4142,77,54
4143,student_4143,64,54
4144,student_4144,60,57
4145,student_4145,56,55
4146,student_4146,78,59
4147,student_4147,65,50
4148,student_4148,81,78
4149,student_4149,68,87
4150,student_4150,83,50
4151,student_4151,72,77
4152,student_4152,90,61
4153,student_4153,51,81
4154,student_4154,58,86
4155,student_4155,67,63
4156,student_4156,66,56
4157,student_4157,78,78
4158,student_4158,94,97
4159,student_4159,55,59
4160,student_4160,54,91
4161,student_4161,67,72
4162,student_4162,69,67
4163,student_4163,76,77
4164,student_4164,92,94
4165,student_4165,64,91
4166,student_4166,95,98
4167,student_4167,54,98
4168,student_4168,60,59
4169,student_4169,97,67
4170,student_4170,56,70
4171,student_4171,78,52
4172,student_4172,52,77
4173,student_4173,64,60
4174,student_4174,89,77
4175,student_4175,52,83
4176,student_4176,51,56
4177,student_4177,62,68
4178,student_4178,67,97
4179,student_4179,91,76
4180,student_4180,69,95
4181,student_4181,52,54
4182,student_4182,94,97
4183,student_4183,51,88
4184,student_4184,88,85
4185,student_4185,73,80
4186,student_4186,87,83
4187,student_4187,59,82
4188,student_4188,92,64
4189,student_4189,57,94
4190,student_4190,82,61
4191,student_4191,88,90
4192,student_4192,77,59
4193,student_4193,93,53
4194,student_4194,78,52
4195,student_4195,76,85
4196,student_4196,53,74
4197,student_4197,95,79
4198,student_4198,82,58
4199,student_4199,84,54
4200,student_4200,52,87
4201,student_4201,95,92
4202,student_4202,54,85
4203,student_4203,73,77
4204,student_4204,100,57
4205,student_4205,54,76
4206,student_4206,83,94
4207,student_4207,96,53
4208,student_4208,62,58
4209,student_4209,80,51
4210,student_4210,82,98
4211,student_4211,73,91
4212,student_4212,89,69
4213,student_4213,62,88
4214,student_4214,75,56
4215,student_4215,76,77
4216,student_4216,91,76
4217,student_4217,65,81
4218,student_4218,67,87
4219,student_4219,96,62
4220,student_4220,90,77
4221,student_4221,56,57
4222,student_4222,52,84
4223,student_4223,52,91
4224,student_4224,85,53
4225,student_4225,71,67
4226,student_4226,54,100
4227,student_4227,51,64
4228,student_4228,69,68
4229,student_4229,98,70
4230,student_4230,54,50
4231,student_4231,58,59
4232,student_4232,59,95
4233,student_4233,52,92
4234,student_4234,85,67
4235,student_4235,69,65
4236,student_4236,52,66
4237,student_4237,61,59
4238,student_4238,74,72
4239,student_4239,67,82
4240,student_4240,86,50
4241,student_4241,78,50
4242,student_4242,61,93
4243,student_4243,50,94
4244,student_4244,70,74
4245,student_4245,89,78
4246,student_4246,78,77
4247,student_4247,98,73
4248,student_4248,80,66
4249,student_4249,85,87
4250,student_4250,77,99
4251,student_4251,55,58
4252,student_4252,73,81
4253,student_4253,51,79
4254,student_4254,96,93
4255,student_4255,68,83
4256,student_4256,52,89
4257,student_4257,81,81
4258,student_4258,72,82
4259,student_4259,63,73
4260,student_4260,56,50
4261,student_4261,61,53
4262,student_4262,91,99
4263,student_4263,86,63
4264,student_4264,64,91
4265,student_4265,67,81
4266,student_4266,92,90
4267,student_4267,94,98
4268,student_4268,94,89
4269,student_4269,87,61
4270,student_4270,88,80
4271,student_4271,78,98
4272,student_4272,68,92
4273,student_4273,78,60
4274,student_4274,98,74
4275,student_4275,52,57
4276,student_4276,84,71
4277,student_4277,74,87
4278,student_4278,95,71
4279,student_4279,66,56
4280,student_4280,92,90
4281,student_4281,63,74
4282,student_4282,94,71
4283,student_4283,77,54
4284,student_4284,99,70
4285,student_4285,57,80
4286,student_4286,53,50
4287,student_4287,88,77
4288,student_4288,65,94
4289,student_4289,88,70
4290,student_4290,68,74
4291,student_4291,61,84
4292,student_4292,79,90
4293,student_4293,68,83
4294,student_4294,73,53
4295,student_4295,92,62
4296,student_4296,52,89
4297,student_4297,70,50
4298,student_4298,67,80
4299,student_4299,53,65
4300,student_4300,98,64
4301,student_4301,97,56
4302,student_4302,72,51
4303,student_4303,91,85
4304,student_4304,57,65
4305,student_4305,73,57
4306,student_4306,69,95
4307,student_4307,74,53
4308,student_4308,71,79
4309,student_4309,67,95
4310,student_4310,99,75
4311,student_4311,84,62
4312,student_4312,74,91
4313,student_4313,72,89
4314,student_4314,61,52
4315,student_4315,84,84
4316,student_4316,53,97
4317,student_4317,80,85
4318,student_4318,52,83
4319,student_4319,63,58
4320,student_4320,89,56
4321,student_4321,59,64
4322,student_4322,75,69
4323,student_4323,50,80
4324,student_4324,84,83
4325,student_4325,60,50
4326,student_4326,72,95
4327,student_4327,100,50
4328,student_4328,54,75
4329,student_4329,75,68
4330,student_4330,97,71
4331,student_4331,56,97
4332,student_4332,55,100
4333,student_4333,77,66
4334,student_4334,65,90
4335,student_4335,89,76
4336,student_4336,88,74
4337,student_4337,80,65
4338,student_4338,80,61
4339,student_4339,52,52
4340,student_4340,55,98
4341,student_4341,54,69
4342,student_4342,58,63
4343,student_4343,99,89
4344,student_4344,60,82
4345,student_4345,60,87
4346,student_4346,68,60
4347,student_4347,96,66
4348,student_4348,90,99
4349,student_4349,70,93
4350,student_4350,58,91
4351,student_4351,84,87
4352,student_4352,50,69
4353,student_4353,75,67
4354,student_4354,92,71
4355,student_4355,70,98
4356,student_4356,96,96
4357,student_4357,89,71
4358,student_4358,67,54
4359,student_4359,88,55
4360,student_4360,68,100
4361,student_4361,73,92
4362,student_4362,100,62
4363,student_4363,86,59
4364,student_4364,59,64
4365,student_4365,72,98
4366,student_4366,96,76
4367,student_4367,69,75
4368,student_4368,94,67
4369,student_4369,74,90
4370,student_4370,72,79
4371,student_4371,80,91
4372,student_4372,81,88
4373,student_4373,75,59
4374,student_4374,96,52
4375,student_4375,59,89
4376,student_4376,95,50
4377,student_4377,81,69
4378,student_4378,91,61
4379,student_4379,92,92
4380,student_4380,82,52
4381,student_4381,94,65
4382,student_4382,68,85
4383,student_4383,95,72
4384,student_4384,56,55
4385,student_4385,68,79
4386,student_4386,91,60
4387,student_4387,91,82
4388,student_4388,61,90
4389,student_4389,59,65
4390,student_4390,90,59
4391,student_4391,70,67
4392,student_4392,89,56
4393,student_4393,63,84
4394,student_4394,77,74
4395,student_4395,86,74
4396,student_4396,68,76
4397,student_4397,81,68
4398,student_4398,71,62
4399,student_4399,84,91
4400,student_4400,74,72
4401,student_4401,98,90
4402,student_4402,65,62
4403,student_4403,90,82
4404,student_4404,59,80
4405,student_4405,87,87
4406,student_4406,67,72
4407,student_4407,78,84
4408,student_4408,54,54
4409,student_4409,62,77
4410,student_4410,61,98
4411,student_4411,92,61
4412,student_4412,66,61
4413,student_4413,55,50
4414,student_4414,88,63
4415,student_4415,61,99
4416,student_4416,95,71
4417,student_4417,90,82
4418,student_4418,89,58
4419,student_4419,74,85
4420,student_4420,50,74
4421,student_4421,91,63
4422,student_4422,77,62
4423,student_4423,53,92
4424,student_4424,100,92
4425,student_4425,96,93
4426,student_4426,59,91
4427,student_4427,91,55
4428,student_4428,95,90
4429,student_4429,73,91
4430,student_4430,73,60
4431,student_4431,69,82
4432,student_4432,85,97
4433,student_4433,76,87
4434,student_4434,62,97
4435,student_4435,71,53
4436,student_4436,59,63
4437,student_4437,73,100
4438,student_4438,88,93
4439,student_4439,63,80
4440,student_4440,54,78
4441,student_4441,53,52
4442,student_4442,73,64
4443,student_4443,51,57
4444,student_4444,84,61
4445,student_4445,58,86
4446,student_4446,68,72
4447,student_4447,55,84
4448,student_4448,67,88
4449,student_4449,57,73
4450,student_4450,75,57
4451,student_4451,63,69
4452,student_4452,82,61
4453,student_4453,95,95
4454,student_4454,80,60
4455,student_4455,61,88
4456,student_4456,90,63
4457,student_4457,60,58
4458,student_4458,73,86
4459,student_4459,88,99
4460,student_4460,93,85
4461,student_4461,67,90
4462,student_4462,87,76
4463,student_4463,56,84
4464,student_4464,65,61
4465,student_4465,83,54
4466,student_4466,52,82
4467,student_4467,72,89
4468,student_4468,70,74
4469,student_4469,87,82
4470,student_4470,70,75
4471,student_4471,87,82
4472,student_4472,57,66
4473,student_4473,70,82
4474,student_4474,94,88
4475,student_4475,57,91
4476,student_4476,68,63
4477,student_4477,52,96
4478,student_4478,74,96
4479,student_4479,68,74
4480,student_4480,84,94
4481,student_4481,71,55
4482,student_4482,100,95
4483,student_4483,89,70
4484,student_4484,83,66
4485,student_4485,74,51
4486,student_4486,62,93
4487,student_4487,70,68
4488,student_4488,61,76
4489,student_4489,97,52
4490,student_4490,56,78
4491,student_4491,73,65
4492,student_4492,98,94
4493,student_4493,94,50
4494,student_4494,68,54
4495,student_4495,85,72
4496,student_4496,57,59
4497,student_4497,85,83
4498,student_4498,56,97
4499,student_4499,91,66
4500,student_4500,94,59
4501,student_4501,67,57
4502,student_4502,100,88
4503,student_4503,63,59
4504,student_4504,70,77
4505,student_4505,89,72
4506,student_4506,88,74
4507,student_4507,93,62
4508,student_4508,84,97
4509,student_4509,68,80
4510,student_4510,98,52
4511,student_4511,99,58
4512,student_4512,81,73
4513,student_4513,95,62
4514,student_4514,87,51
4515,student_4515,85,92
4516,student_4516,56,83
4517,student_4517,71,99
4518,student_4518,91,53
4519,student_4519,78,61
4520,student_4520,70,85
4521,student_4521,74,61
4522,student_4522,58,78
4523,student_4523,93,62
4524,student_4524,69,95
4525,student_4525,54,52
4526,student_4526,56,89
4527,student_4527,90,57
4528,student_4528,91,55
4529,student_4529,70,80
4530,student_4530,65,51
4531,student_4531,98,64
4532,student_4532,73,95
4533,student_4533,72,78
4534,student_4534,66,51
4535,student_4535,98,96
4536,student_4536,62,62
4537,student_4537,94,100
4538,student_4538,51,59
4539,student_4539,54,53
4540,student_4540,70,80
4541,student_4541,89,78
4542,student_4542,81,62
4543,student_4543,61,85
4544,student_4544,94,96
4545,student_4545,60,76
4546,student_4546,67,60
4547,student_4547,63,64
4548,student_4548,60,82
4549,student_4549,64,56
4550,student_4550,62,68
4551,student_4551,100,100
4552,student_4552,58,71
4553,student_4553,86,58
4554,student_4554,85,75
4555,student_4555,67,50
4556,student_4556,87,97
4557,student_4557,58,92
4558,student_4558,97,85
4559,student_4559,85,95
4560,student_4560,79,81
4561,student_4561,60,92
4562,student_4562,92,58
4563,student_4563,72,61
4564,student_4564,54,83
4565,student_4565,80,70
4566,student_4566,96,87
4567,student_4567,94,59
4568,student_4568,50,99
4569,student_4569,84,80
4570,student_4570,79,91
4571,student_4571,68,58
4572,student_4572,100,66
4573,student_4573,68,74
4574,student_4574,96,72
4575,student_4575,91,98
4576,student_4576,52,71
4577,student_4577,58,81
4578,student_4578,81,54
4579,student_4579,99,87
4580,student_4580,70,62
4581,student_4581,82,69
4582,student_4582,73,84
4583,student_4583,55,81
4584,student_4584,68,64
4585,student_4585,82,93
4586,student_4586,68,58
4587,student_4587,88,74
4588,student_4588,66,98
4589,student_4589,62,86
4590,student_4590,88,98
4591,student_4591,91,74
4592,student_4592,66,59
4593,student_4593,75,57
4594,student_4594,73,58
4595,student_4595,57,54
4596,student_4596,50,89
4597,student_4597,81,96
4598,student_4598,84,58
4599,student_4599,95,53
4600,student_4600,77,52
4601,student_4601,51,72
4602,student_4602,74,59
4603,student_4603,68,75
4604,student_4604,74,54
4605,student_4605,85,87
4606,student_4606,93,87
4607,student_4607,93,61
4608,student_4608,52,67
4609,student_4609,87,79
4610,student_4610,61,77
4611,student_4611,86,75
4612,student_4612,100,77
4613,student_4613,89,72
4614,student_4614,73,64
4615,student_4615,88,99
4616,student_4616,88,74
4617,student_4617,74,82
4618,student_4618,62,69
4619,student_4619,77,65
4620,student_4620,54,83
4621,student_4621,50,87
4622,student_4622,65,87
4623,student_4623,60,50
4624,student_4624,84,58
4625,student_4625,75,66
4626,student_4626,83,68
4627,student_4627,71,83
4628,student_4628,80,72
4629,student_4629,61,66
4630,student_4630,62,69
4631,student_4631,82,69
4632,student_4632,89,74
4633,student_4633,67,93
4634,student_4634,61,95
4635,student_4635,84,60
4636,student_4636,77,97
4637,student_4637,69,65
4638,student_4638,98,70
4639,student_4639,84,81
4640,student_4640,85,99
4641,student_4641,77,72
4642,student_4642,75,69
4643,student_4643,97,61
4644,student_4644,83,54
4645,student_4645,74,59
4646,student_4646,51,60
4647,student_4647,81,71
4648,student_4648,70,91
4649,student_4649,90,80
4650,student_4650,72,78
4651,student_4651,51,94
4652,student_4652,78,87
4653,student_4653,95,91
4654,student_4654,80,68
4655,student_4655,89,88
4656,student_4656,72,85
4657,student_4657,58,63
4658,student_4658,95,79
4659,student_4659,94,77
4660,student_4660,68,53
4661,student_4661,68,83
4662,student_4662,55,73
4663,student_4663,76,65
4664,student_4664,96,61
4665,student_4665,52,52
4666,student_4666,80,59
4667,student_4667,68,62
4668,student_4668,82,85
4669,student_4669,57,70
4670,student_4670,52,59
4671,student_4671,96,54
4672,student_4672,64,99
4673,student_4673,90,64
4674,student_4674,54,80
4675,student_4675,75,67
4676,student_4676,83,85
4677,student_4677,64,75
4678,student_4678,66,89
4679,student_4679,51,87
4680,student_4680,88,66
4681,student_4681,100,64
4682,student_4682,67,85
4683,student_4683,62,60
4684,student_4684,74,57
4685,student_4685,67,53
4686,student_4686,70,84
4687,student_4687,52,63
4688,student_4688,96,52
4689,student_4689,57,69
4690,student_4690,51,59
4691,student_4691,78,88
4692,student_4692,95,70
4693,student_4693,97,82
4694,student_4694,90,97
4695,student_4695,85,63
4696,student_4696,57,52
4697,student_4697,91,69
4698,student_4698,85,88
4699,student_4699,59,61
4700,student_4700,76,54
4701,student_4701,77,87
4702,student_4702,94,55
4703,student_4703,92,97
4704,student_4704,55,54
4705,student_4705,67,77
4706,student_4706,54,68
4707,student_4707,94,81
4708,student_4708,66,89
4709,student_4709,69,61
4710,student_4710,92,63
4711,student_4711,54,56
4712,student_4712,95,76
4713,student_4713,71,52
4714,student_4714,87,98
4715,student_4715,57,64
4716,student_4716,67,63
4717,student_4717,100,58
4718,student_4718,53,68
4719,student_4719,67,90
4720,student_4720,90,69
4721,student_4721,95,97
4722,student_4722,61,58
4723,student_4723,98,97
4724,student_4724,74,98
4725,student_4725,83,66
4726,student_4726,97,84
4727,student_4727,56,72
4728,student_4728,63,50
4729,student_4729,55,72
4730,student_4730,60,83
4731,student_4731,52,71
4732,student_4732,71,76
4733,student_4733,95,87
4734,student_4734,56,71
4735,student_4735,98,78
4736,student_4736,55,73
4737,student_4737,89,72
4738,student_4738,100,85
4739,student_4739,99,63
4740,student_4740,89,81
4741,student_4741,63,64
4742,student_4742,95,81
4743,student_4743,84,50
4744,student_4744,86,66
4745,student_4745,72,82
4746,student_4746,100,61
4747,student_4747,85,54
4748,student_4748,92,58
4749,student_4749,84,62
4750,student_4750,64,81
4751,student_4751,80,60
4752,student_4752,85,73
4753,student_4753,54,56
4754,student_4754,91,83
4755,student_4755,64,58
4756,student_4756,80,58
4757,student_4757,67,92
4758,student_4758,53,64
4759,student_4759,53,83
4760,student_4760,85,99
4761,student_4761,80,62
4762,student_4762,55,70
4763,student_4763,57,97
4764,student_4764,63,82
4765,student_4765,85,76
4766,student_4766,94,55
4767,student_4767,98,55
4768,student_4768,85,94
4769,student_4769,88,63
4770,student_4770,71,59
4771,student_4771,75,79
4772,student_4772,89,75
4773,student_4773,74,67
4774,student_4774,81,84
4775,student_4775,94,57
4776,student_4776,68,50
4777,student_4777,69,95
4778,student_4778,97,71
4779,student_4779,89,72
4780,student_4780,60,76
4781,student_4781,95,79
4782,student_4782,73,55
4783,student_4783,54,91
4784,student_4784,58,94
4785,student_4785,68,98
4786,student_4786,86,66
4787,student_4787,77,52
4788,student_4788,52,64
4789,student_4789,50,93
4790,student_4790,63,71
4791,student_4791,59,86
4792,student_4792,88,71
4793,student_4793,61,78
4794,student_4794,63,88
4795,student_4795,99,96
4796,student_4796,93,85
4797,student_4797,94,61
4798,student_4798,98,87
4799,student_4799,62,98
4800,student_4800,68,91
4801,student_4801,88,90
4802,student_4802,91,50
4803,student_4803,90,69
4804,student_4804,83,82
4805,student_4805,90,70
4806,student_4806,78,92
4807,student_4807,54,84
4808,student_4808,80,51
4809,student_4809,95,58
4810,student_4810,62,72
4811,student_4811,81,88
4812,student_4812,62,79
4813,student_4813,90,56
4814,student_4814,87,62
4815,student_4815,96,82
4816,student_4816,89,57
4817,student_4817,69,82
4818,student_4818,66,65
4819,student_4819,63,56
4820,student_4820,93,50
4821,student_4821,98,53
4822,student_4822,55,69
4823,student_4823,78,92
4824,student_4824,88,93
4825,student_4825,61,54
4826,student_4826,76,76
4827,student_4827,75,66
4828,student_4828,83,60
4829,student_4829,56,62
4830,student_4830,81,76
4831,student_4831,79,61
4832,student_4832,97,89
4833,student_4833,75,61
4834,student_4834,81,61
4835,student_4835,67,94
4836,student_4836,90,72
4837,student_4837,75,69
4838,student_4838,85,57
4839,student_4839,51,53
4840,student_4840,83,92
4841,student_4841,58,68
4842,student_4842,63,68
4843,student_4843,50,90
4844,student_4844,96,92
4845,student_4845,57,96
4846,student_4846,58,60
4847,student_4847,96,50
4848,student_4848,81,68
4849,student_4849,50,85
4850,student_4850,93,74
4851,student_4851,58,60
4852,student_4852,62,86
4853,student_4853,68,58
4854,student_4854,98,57
4855,student_4855,74,62
4856,student_4856,91,65
4857,student_4857,66,83
4858,student_4858,76,85
4859,student_4859,61,53
4860,student_4860,64,64
4861,student_4861,80,92
4862,student_4862,93,85
4863,student_4863,93,94
4864,student_4864,85,89
4865,student_4865,75,60
4866,student_4866,80,84
4867,student_4867,99,67
4868,student_4868,96,82
4869,student_4869,78,55
4870,student_4870,55,78
4871,student_4871,57,62
4872,student_4872,81,94
4873,student_4873,53,82
4874,student_4874,77,96
4875,student_4875,83,70
4876,student_4876,84,70
4877,student_4877,71,73
4878,student_4878,68,57
4879,student_4879,90,87
4880,student_4880,62,59
4881,student_4881,69,58
4882,student_4882,77,97
4883,student_4883,79,95
4884,student_4884,67,86
4885,student_4885,69,57
4886,student_4886,68,69
4887,student_4887,93,99
4888,student_4888,86,75
4889,student_4889,86,81
4890,student_4890,88,68
4891,student_4891,68,72
4892,student_4892,87,64
4893,student_4893,91,97
4894,student_4894,100,74
4895,student_4895,62,100
4896,student_4896,100,87
4897,student_4897,66,64
4898,student_4898,84,64
4899,student_4899,88,63
4900,student_4900,82,81
4901,student_4901,69,100
4902,student_4902,66,50
4903,student_4903,93,94
4904,student_4904,89,100
4905,student_4905,99,77
4906,student_4906,96,55
4907,student_4907,56,93
4908,student_4908,70,76
4909,student_4909,50,52
4910,student_4910,90,53
4911,student_4911,56,65
4912,student_4912,85,90
4913,student_4913,94,68
4914,student_4914,92,94
4915,student_4915,56,67
4916,student_4916,87,88
4917,student_4917,61,90
4918,student_4918,77,74
4919,student_4919,51,54
4920,student_4920,89,65
4921,student_4921,100,78
4922,student_4922,68,53
4923,student_4923,55,95
4924,student_4924,61,58
4925,student_4925,95,55
4926,student_4926,74,75
4927,student_4927,65,63
4928,student_4928,63,68
4929,student_4929,80,79
4930,student_4930,87,69
4931,student_4931,51,72
4932,student_4932,64,76
4933,student_4933,95,65
4934,student_4934,94,66
4935,student_4935,69,92
4936,student_4936,74,98
4937,student_4937,65,57
4938,student_4938,84,63
4939,student_4939,100,57
4940,student_4940,87,53
4941,student_4941,86,68
4942,student_4942,67,79
4943,student_4943,79,51
4944,student_4944,95,71
4945,student_4945,70,71
4946,student_4946,83,59
4947,student_4947,78,71
4948,student_4948,87,82
4949,student_4949,55,71
4950,student_4950,81,98
4951,student_4951,62,83
4952,student_4952,65,54
4953,student_4953,51,55
4954,student_4954,93,65
4955,student_4955,55,89
4956,student_4956,68,89
4957,student_4957,53,90
4958,student_4958,64,63
4959,student_4959,80,58
4960,student_4960,85,63
4961,student_4961,100,88
4962,student_4962,72,74
4963,student_4963,88,73
4964,student_4964,82,93
4965,student_4965,96,90
4966,student_4966,97,66
4967,student_4967,92,68
4968,student_4968,91,91
4969,student_4969,74,96
4970,student_4970,77,56
4971,student_4971,100,52
4972,student_4972,60,76
4973,student_4973,82,88
4974,student_4974,84,53
4975,student_4975,82,93
4976,student_4976,65,66
4977,student_4977,91,89
4978,student_4978,86,56
4979,student_4979,73,50
4980,student_4980,53,67
4981,student_4981,53,84
4982,student_4982,52,65
4983,student_4983,93,90
4984,student_4984,85,60
4985,student_4985,85,65
4986,student_4986,63,74
4987,student_4987,65,98
4988,student_4988,99,69
4989,student_4989,56,55
4990,student_4990,55,69
4991,student_4991,86,86
4992,student_4992,94,91
4993,student_4993,93,94
4994,student_4994,88,63
4995,student_4995,51,56
4996,student_4996,91,81
4997,student_4997,63,84
4998,student_4998,55,90
4999,student_4999,90,90
5000,student_5000,93,55
5001,student_5001,87,81
5002,student_5002,85,68
5003,student_5003,92,99
5004,student_5004,60,62
5005,student_5005,95,56
5006,student_5006,73,95
5007,student_5007,96,98
5008,student_5008,83,80
5009,student_5009,50,99
5010,student_5010,51,97
5011,student_5011,64,56
5012,student_5012,51,87
5013,student_5013,90,87
5014,student_5014,52,72
5015,student_5015,83,57
5016,student_5016,96,62
5017,student_5017,61,97
5018,student_5018,59,74
5019,student_5019,98,56
5020,student_5020,89,85
5021,student_5021,71,75
5022,student_5022,80,81
5023,student_5023,62,71
5024,student_5024,79,69
5025,student_5025,83,86
5026,student_5026,86,62
5027,student_5027,81,84
5028,student_5028,60,60
5029,student_5029,85,81
5030,student_5030,71,97
5031,student_5031,61,50
5032,student_5032,53,57
5033,student_5033,60,85
5034,student_5034,51,98
5035,student_5035,66,85
5036,student_5036,61,72
5037,student_5037,95,51
5038,student_5038,56,66
5039,student_5039,54,62
5040,student_5040,50,84
5041,student_5041,76,85
5042,student_5042,77,82
5043,student_5043,86,92
5044,student_5044,98,98
5045,student_5045,100,50
5046,student_5046,84,91
5047,student_5047,98,58
5048,student_5048,72,51
5049,student_5049,85,92
5050,student_5050,77,66
5051,student_5051,58,73
5052,student_5052,95,72
5053,student_5053,79,62
5054,student_5054,51,86
5055,student_5055,81,59
5056,student_5056,79,99
5057,student_5057,59,68
5058,student_5058,74,51
5059,student_5059,95,67
5060,student_5060,62,53
5061,student_5061,75,53
5062,student_5062,59,55
5063,student_5063,96,91
5064,student_5064,63,51
5065,student_5065,79,67
5066,student_5066,98,78
5067,student_5067,51,93
5068,student_5068,76,75
5069,student_5069,82,58
5070,student_5070,67,59
5071,student_5071,72,79
5072,student_5072,93,51
5073,student_5073,91,60
5074,student_5074,99,62
5075,student_5075,100,65
5076,student_5076,78,73
5077,student_5077,95,93
5078,student_5078,82,68
5079,student_5079,97,87
5080,student_5080,84,51
5081,student_5081,67,50
5082,student_5082,71,56
5083,student_5083,74,65
5084,student_5084,63,89
5085,student_5085,67,65
5086,student_5086,94,56
5087,student_5087,96,64
5088,student_5088,96,85
5089,student_5089,54,76
5090,student_5090,65,96
5091,student_5091,76,55
5092,student_5092,81,83
5093,student_5093,97,98
5094,student_5094,94,57
5095,student_5095,52,90
5096,student_5096,89,99
5097,student_5097,53,78
5098,student_5098,97,71
5099,student_5099,87,56
5100,student_5100,77,78
5101,student_5101,53,54
5102,student_5102,85,66
5103,student_5103,51,68
5104,student_5104,93,99
5105,student_5105,67,61
5106,student_5106,59,79
5107,student_5107,99,66
5108,student_5108,93,75
5109,student_5109,73,97
5110,student_5110,89,78
5111,student_5111,83,51
5112,student_5112,66,59
5113,student_5113,84,83
5114,student_5114,96,91
5115,student_5115,53,83
5116,student_5116,71,59
5117,student_5117,93,74
5118,student_5118,64,70
5119,student_5119,57,87
5120,student_5120,87,100
5121,student_5121,80,91
5122,student_5122,95,69
5123,student_5123,57,59
5124,student_5124,73,89
5125,student_5125,77,64
5126,student_5126,93,53
5127,student_5127,55,75
5128,student_5128,84,58
5129,student_5129,87,88
5130,student_5130,59,52
5131,student_5131,96,87
5132,student_5132,76,54
5133,student_5133,63,86
5134,student_5134,94,92
5135,student_5135,78,84
5136,student_5136,81,85
5137,student_5137,98,90
5138,student_5138,59,80
5139,student_5139,86,71
5140,student_5140,60,79
5141,student_5141,57,52
5142,student_5142,50,53
5143,student_5143,90,90
5144,student_5144,74,85
5145,student_5145,62,97
5146,student_5146,66,50
5147,student_5147,51,71
5148,student_5148,87,60
5149,student_5149,89,99
5150,student_5150,81,90
5151,student_5151,74,70
5152,student_5152,80,90
5153,student_5153,71,83
5154,student_5154,57,78
5155,student_5155,75,68
5156,student_5156,58,58
5157,student_5157,63,72
5158,student_5158,83,62
5159,student_5159,60,92
5160,student_5160,88,61
5161,student_5161,55,83
5162,student_5162,81,52
5163,student_5163,92,66
5164,student_5164,59,50
5165,student_5165,51,77
5166,student_5166,62,55
5167,student_5167,51,61
5168,student_5168,94,74
5169,student_5169,74,87
5170,student_5170,68,65
5171,student_5171,90,99
5172,student_5172,100,76
5173,student_5173,67,66
5174,student_5174,65,61
5175,student_5175,54,50
5176,student_5176,74,64
5177,student_5177,52,85
5178,student_5178,92,52
5179,student_5179,99,84
5180,student_5180,57,93
5181,student_5181,79,96
5182,student_5182,96,98
5183,student_5183,93,94
5184,student_5184,81,89
5185,student_5185,75,84
5186,student_5186,88,58
5187,student_5187,62,83
5188,student_5188,54,57
5189,student_5189,90,67
5190,student_5190,71,100
5191,student_5191,50,75
5192,student_5192,81,52
5193,student_5193,89,69
5194,student_5194,99,60
5195,student_5195,72,54
5196,student_5196,90,67
5197,student_5197,50,58
5198,student_5198,91,60
5199,student_5199,72,60
5200,student_5200,70,68
5201,student_5201,90,85
5202,student_5202,90,74
5203,student_5203,67,71
5204,student_5204,58,53
5205,student_5205,65,52
5206,student_5206,59,66
5207,student_5207,61,54
5208,student_5208,97,59
5209,student_5209,78,100
5210,student_5210,55,76
5211,student_5211,57,75
5212,student_5212,65,85
5213,student_5213,86,91
5214,student_5214,79,61
5215,student_5215,61,85
5216,student_5216,89,70
5217,student_5217,79,54
5218,student_5218,95,98
5219,student_5219,84,90
5220,student_5220,72,73
5221,student_5221,79,67
5222,student_5222,94,84
5223,student_5223,96,88
5224,student_5224,67,86
5225,student_5225,85,73
5226,student_5226,79,87
5227,student_5227,94,78
5228,student_5228,94,57
5229,student_5229,65,77
5230,student_5230,67,89
5231,student_5231,60,53
5232,student_5232,54,73
5233,student_5233,51,89
5234,student_5234,59,69
5235,student_5235,74,84
5236,student_5236,94,77
5237,student_5237,80,64
5238,student_5238,90,57
5239,student_5239,61,61
5240,student_5240,93,93
5241,student_5241,75,90
5242,student_5242,56,95
5243,student_5243,87,68
5244,student_5244,63,93
5245,student_5245,55,67
5246,student_5246,62,87
5247,student_5247,99,56
5248,student_5248,97,58
5249,student_5249,59,83
5250,student_5250,79,51
5251,student_5251,59,96
5252,student_5252,75,62
5253,student_5253,71,58
5254,student_5254,52,82
5255,student_5255,63,83
5256,student_5256,93,56
5257,student_5257,74,52
5258,student_5258,98,63
5259,student_5259,82,100
5260,student_5260,66,93
5261,student_5261,70,86
5262,student_5262,79,66
5263,student_5263,68,80
5264,student_5264,68,69
5265,student_5265,98,85
5266,student_5266,59,99
5267,student_5267,84,72
5268,student_5268,73,73
5269,student_5269,74,52
5270,student_5270,98,97
5271,student_5271,84,88
5272,student_5272,78,59
5273,student_5273,72,84
5274,student_5274,56,65
5275,student_5275,96,83
5276,student_5276,93,99
5277,student_5277,75,93
5278,student_5278,75,84
5279,student_5279,93,76
5280,student_5280,63,72
5281,student_5281,71,95
5282,student_5282,58,72
5283,student_5283,89,70
5284,student_5284,54,56
5285,student_5285,87,79
5286,student_5286,93,96
5287,student_5287,69,86
5288,student_5288,74,93
5289,student_5289,68,93
5290,student_5290,61,58
5291,student_5291,60,52
5292,student_5292,100,50
5293,student_5293,55,53
5294,student_5294,83,58
5295,student_5295,62,72
5296,student_5296,98,79
5297,student_5297,57,77
5298,student_5298,90,96
5299,student_5299,58,99
5300,student_5300,65,88
5301,student_5301,85,96
5302,student_5302,69,56
5303,student_5303,68,68
5304,student_5304,86,99
5305,student_5305,80,57
5306,student_5306,58,54
5307,student_5307,98,78
5308,student_5308,57,91
5309,student_5309,85,92
5310,student_5310,50,68
5311,student_5311,51,98
5312,student_5312,64,75
5313,student_5313,89,83
5314,student_5314,50,97
5315,student_5315,95,84
5316,student_5316,78,94
5317,student_5317,84,100
5318,student_5318,71,69
5319,student_5319,96,73
5320,student_5320,88,66
5321,student_5321,55,90
5322,student_5322,86,65
5323,student_5323,69,89
5324,student_5324,68,86
5325,student_5325,100,64
5326,student_5326,69,78
5327,student_5327,94,58
5328,student_5328,90,95
5329,student_5329,66,68
5330,student_5330,81,82
5331,student_5331,69,78
5332,student_5332,87,76
5333,student_5333,55,56
5334,student_5334,56,53
5335,student_5335,84,50
5336,student_5336,79,68
5337,student_5337,85,51
5338,student_5338,71,73
5339,student_5339,59,88
5340,student_5340,84,87
5341,student_5341,80,61
5342,student_5342,61,84
5343,student_5343,71,55
5344,student_5344,59,88
5345,student_5345,51,81
5346,student_5346,68,91
5347,student_5347,99,64
5348,student_5348,70,78
5349,student_5349,75,59
5350,student_5350,94,100
5351,student_5351,93,71
5352,student_5352,98,64
5353,student_5353,93,61
5354,student_5354,90,55
5355,student_5355,98,56
5356,student_5356,61,76
5357,student_5357,64,80
5358,student_5358,71,88
5359,student_5359,92,86
5360,student_5360,91,66
5361,student_5361,87,64
5362,student_5362,75,91
5363,student_5363,81,98
5364,student_5364,61,60
5365,student_5365,95,67
5366,student_5366,55,50
5367,student_5367,93,86
5368,student_5368,91,53
5369,student_5369,99,77
5370,student_5370,63,85
5371,student_5371,51,52
5372,student_5372,61,94
5373,student_5373,65,53
5374,student_5374,94,100
5375,student_5375,100,59
5376,student_5376,99,61
5377,student_5377,90,71
5378,student_5378,75,89
5379,student_5379,96,73
5380,student_5380,99,53
5381,student_5381,76,82
5382,student_5382,80,69
5383,student_5383,88,90
5384,student_5384,56,54
5385,student_5385,65,56
5386,student_5386,80,60
5387,student_5387,57,78
5388,student_5388,85,80
5389,student_5389,100,85
5390,student_5390,50,90
5391,student_5391,58,53
5392,student_5392,94,93
5393,student_5393,56,70
5394,student_5394,98,82
5395,student_5395,94,84
5396,student_5396,78,85
5397,student_5397,91,51
5398,student_5398,85,69
5399,student_5399,100,69
5400,student_5400,80,54
5401,student_5401,78,62
5402,student_5402,79,94
5403,student_5403,57,65
5404,student_5404,64,92
5405,student_5405,74,93
5406,student_5406,65,53
5407,student_5407,53,70
5408,student_5408,86,91
5409,student_5409,68,91
5410,student_5410,53,71
5411,student_5411,52,79
5412,student_5412,68,100
5413,student_5413,74,63
5414,student_5414,54,55
5415,student_5415,92,85
5416,student_5416,62,60
5417,student_5417,52,86
5418,student_5418,79,98
5419,student_5419,100,74
5420,student_5420,94,62
5421,student_5421,77,72
5422,student_5422,52,88
5423,student_5423,88,97
5424,student_5424,88,55
5425,student_5425,79,85
5426,student_5426,51,70
5427,student_5427,74,92
5428,student_5428,74,76
5429,student_5429,83,87
5430,student_5430,70,50
5431,student_5431,51,54
5432,student_5432,81,64
5433,student_5433,82,56
5434,student_5434,74,71
5435,student_5435,56,63
5436,student_5436,62,73
5437,student_5437,65,52
5438,student_5438,69,86
5439,student_5439,52,88
5440,student_5440,84,53
5441,student_5441,52,83
5442,student_5442,92,92
5443,student_5443,75,92
5444,student_5444,90,94
5445,student_5445,56,68
5446,student_5446,68,61
5447,student_5447,59,96
5448,student_5448,94,65
5449,student_5449,64,92
5450,student_5450,89,76
5451,student_5451,96,51
5452,student_5452,62,61
5453,student_5453,65,78
5454,student_5454,79,95
5455,student_5455,98,98
5456,student_5456,58,79
5457,student_5457,59,82
5458,student_5458,85,64
5459,student_5459,62,69
5460,student_5460,88,70
5461,student_5461,59,99
5462,student_5462,61,71
5463,student_5463,67,60
5464,student_5464,61,91
5465,student_5465,54,66
5466,student_5466,79,76
5467,student_5467,80,78
5468,student_5468,83,58
5469,student_5469,92,90
5470,student_5470,100,84
5471,student_5471,70,58
5472,student_5472,89,76
5473,student_5473,83,59
5474,student_5474,79,85
5475,student_5475,51,74
5476,student_5476,61,95
5477,student_5477,52,69
5478,student_5478,75,88
5479,student_5479,84,52
5480,student_5480,51,80
5481,student_5481,71,59
5482,student_5482,66,56
5483,student_5483,94,86
5484,student_5484,72,71
5485,student_5485,95,100
5486,student_5486,56,79
5487,student_5487,83,100
5488,student_5488,60,59
5489,student_5489,85,80
5490,student_5490,66,51
5491,student_5491,56,76
5492,student_5492,71,91
5493,student_5493,61,52
5494,student_5494,82,57
5495,student_5495,80,57
5496,student_5496,96,91
5497,student_5497,92,83
5498,student_5498,72,51
5499,student_5499,64,82
5500,student_5500,56,73
5501,student_5501,51,72
5502,student_5502,69,63
5503,student_5503,82,91
5504,student_5504,73,89
5505,student_5505,97,64
5506,student_5506,75,56
5507,student_5507,86,87
5508,student_5508,100,62
5509,student_5509,98,72
5510,student_5510,89,63
5511,student_5511,98,77
5512,student_5512,78,52
5513,student_5513,91,61
5514,student_5514,88,70
5515,student_5515,63,98
5516,student_5516,70,73
5517,student_5517,75,66
5518,student_5518,80,84
5519,student_5519,55,81
5520,student_5520,56,71
5521,student_5521,69,74
5522,student_5522,53,98
5523,student_5523,81,70
5524,student_5524,73,57
5525,student_5525,73,76
5526,student_5526,75,50
5527,student_5527,94,58
5528,student_5528,98,66
5529,student_5529,62,61
5530,student_5530,63,96
5531,student_5531,57,97
5532,student_5532,93,57
5533,student_5533,61,94
5534,student_5534,93,50
5535,student_5535,69,94
5536,student_5536,96,82
5537,student_5537,75,96
5538,student_5538,78,74
5539,student_5539,80,50
5540,student_5540,53,65
5541,student_5541,87,84
5542,student_5542,59,84
5543,student_5543,53,64
5544,student_5544,72,56
5545,student_5545,51,94
5546,student_5546,98,74
5547,student_5547,88,71
5548,student_5548,79,64
5549,student_5549,76,60
5550,student_5550,59,97
5551,student_5551,64,75
5552,student_5552,64,84
5553,student_5553,81,72
5554,student_5554,55,55
5555,student_5555,94,88
5556,student_5556,66,78
5557,student_5557,72,52
5558,student_5558,72,91
5559,student_5559,56,65
5560,student_5560,62,95
5561,student_5561,89,71
5562,student_5562,90,56
5563,student_5563,99,50
5564,student_5564,60,83
5565,student_5565,84,96
5566,student_5566,65,64
5567,student_5567,68,82
5568,student_5568,77,81
5569,student_5569,91,64
5570,student_5570,57,86
5571,student_5571,82,73
5572,student_5572,55,60
5573,student_5573,50,51
5574,student_5574,64,70
5575,student_5575,69,80
5576,student_5576,51,98
5577,student_5577,72,78
5578,student_5578,94,52
5579,student_5579,80,60
5580,student_5580,99,56
5581,student_5581,94,52
5582,student_5582,70,53
5583,student_5583,82,56
5584,student_5584,90,94
5585,student_5585,74,98
5586,student_5586,66,84
5587,student_5587,88,91
5588,student_5588,73,55
5589,student_5589,51,55
5590,student_5590,92,97
5591,student_5591,51,80
5592,student_5592,61,75
5593,student_5593,88,51
5594,student_5594,87,78
5595,student_5595,68,94
5596,student_5596,100,84
5597,student_5597,95,80
5598,student_5598,57,73
5599,student_5599,53,82
5600,student_5600,86,75
5601,student_5601,90,83
5602,student_5602,100,82
5603,student_5603,59,64
5604,student_5604,84,95
5605,student_5605,74,71
5606,student_5606,57,80
5607,student_5607,73,68
5608,student_5608,85,51
5609,student_5609,86,67
5610,student_5610,95,78
5611,student_5611,64,71
5612,student_5612,64,59
5613,student_5613,75,59
5614,student_5614,75,79
5615,student_5615,79,91
5616,student_5616,89,53
5617,student_5617,100,51
5618,student_5618,88,69
5619,student_5619,64,75
5620,student_5620,53,74
5621,student_5621,79,83
5622,student_5622,96,70
5623,student_5623,73,58
5624,student_5624,87,65
5625,student_5625,90,78
5626,student_5626,73,95
5627,student_5627,73,56
5628,student_5628,74,52
5629,student_5629,55,96
5630,student_5630,91,90
5631,student_5631,63,73
5632,student_5632,82,100
5633,student_5633,56,91
5634,student_5634,59,59
5635,student_5635,79,75
5636,student_5636,80,68
5637,student_5637,57,51
5638,student_5638,62,70
5639,student_5639,94,67
5640,student_5640,94,93
5641,student_5641,99,82
5642,student_5642,92,82
5643,student_5643,80,85
5644,student_5644,57,53
5645,student_5645,95,83
5646,student_5646,97,59
5647,student_5647,54,52
5648,student_5648,56,62
5649,student_5649,99,69
5650,student_5650,88,51
5651,student_5651,81,75
5652,student_5652,60,64
5653,student_5653,89,79
5654,student_5654,85,67
5655,student_5655,64,79
5656,student_5656,83,82
5657,student_5657,80,83
5658,student_5658,98,71
5659,student_5659,91,64
5660,student_5660,98,56
5661,student_5661,83,95
5662,student_5662,86,96
5663,student_5663,72,54
5664,student_5664,57,97
5665,student_5665,99,64
5666,student_5666,92,73
5667,student_5667,77,72
5668,student_5668,52,91
5669,student_5669,55,76
5670,student_5670,78,86
5671,student_5671,62,53
5672,student_5672,53,76
5673,student_5673,80,66
5674,student_5674,52,93
5675,student_5675,76,79
5676,student_5676,90,71
5677,student_5677,57,81
5678,student_5678,74,63
5679,student_5679,74,83
5680,student_5680,85,100
5681,student_5681,54,88
5682,student_5682,69,63
5683,student_5683,92,82
5684,student_5684,88,95
5685,student_5685,55,55
5686,student_5686,53,100
5687,student_5687,93,66
5688,student_5688,72,62
5689,student_5689,63,58
5690,student_5690,78,80
5691,student_5691,67,95
5692,student_5692,70,100
5693,student_5693,98,67
5694,student_5694,92,98
5695,student_5695,62,74
5696,student_5696,87,76
5697,student_5697,86,74
5698,student_5698,61,93
5699,student_5699,96,95
5700,student_5700,80,83
5701,student_5701,98,84
5702,student_5702,55,61
5703,student_5703,78,58
5704,student_5704,54,79
5705,student_5705,84,77
5706,student_5706,94,61
5707,student_5707,50,86
5708,student_5708,94,69
5709,student_5709,57,92
5710,student_5710,64,53
5711,student_5711,84,65
5712,student_5712,96,83
5713,student_5713,74,88
5714,student_5714,85,84
5715,student_5715,68,63
5716,student_5716,51,100
5717,student_5717,87,84
5718,student_5718,89,90
5719,student_5719,87,93
5720,student_5720,83,78
5721,student_5721,71,82
5722,student_5722,54,68
5723,student_5723,78,91
5724,student_5724,88,57
5725,student_5725,74,87
5726,student_5726,67,82
5727,student_5727,92,65
5728,student_5728,100,88
5729,student_5729,76,60
5730,student_5730,96,66
5731,student_5731,72,61
5732,student_5732,89,99
5733,student_5733,94,54
5734,student_5734,79,57
5735,student_5735,88,74
5736,student_5736,59,74
5737,student_5737,55,64
5738,student_5738,72,78
5739,student_5739,61,72
5740,student_5740,61,78
5741,student_5741,94,63
5742,student_5742,94,67
5743,student_5743,55,64
5744,student_5744,82,75
5745,student_5745,72,91
5746,student_5746,62,70
5747,student_5747,53,99
5748,student_5748,91,88
5749,student_5749,85,91
5750,student_5750,85,97
5751,student_5751,100,95
5752,student_5752,58,69
5753,student_5753,97,92
5754,student_5754,83,100
5755,student_5755,67,99
5756,student_5756,80,73
5757,student_5757,85,87
5758,student_5758,70,76
5759,student_5759,96,59
5760,student_5760,62,83
5761,student_5761,58,54
5762,student_5762,60,70
5763,student_5763,70,70
5764,student_5764,67,64
5765,student_5765,76,65
5766,student_5766,66,82
5767,student_5767,96,91
5768,student_5768,65,74
5769,student_5769,66,100
5770,student_5770,77,76
5771,student_5771,67,65
5772,student_5772,70,79
5773,student_5773,56,99
5774,student_5774,59,74
5775,student_5775,72,50
5776,student_5776,71,63
5777,student_5777,74,97
5778,student_5778,56,67
5779,student_5779,52,94
5780,student_5780,61,75
5781,student_5781,85,63
5782,student_5782,70,99
5783,student_5783,54,58
5784,student_5784,53,69
5785,student_5785,97,68
5786,student_5786,79,58
5787,student_5787,61,72
5788,student_5788,97,95
5789,student_5789,83,61
5790,student_5790,52,65
5791,student_5791,58,72
5792,student_5792,67,56
5793,student_5793,74,80
5794,student_5794,93,61
5795,student_5795,69,51
5796,student_5796,51,92
5797,student_5797,75,59
5798,student_5798,95,95
5799,student_5799,74,72
5800,student_5800,85,63
5801,student_5801,100,73
5802,student_5802,53,67
5803,student_5803,58,92
5804,student_5804,64,58
5805,student_5805,97,73
5806,student_5806,78,93
5807,student_5807,68,72
5808,student_5808,56,93
5809,student_5809,84,85
5810,student_5810,89,89
5811,student_5811,78,99
5812,student_5812,53,80
5813,student_5813,62,83
5814,student_5814,50,71
5815,student_5815,89,97
5816,student_5816,76,62
5817,student_5817,51,59
5818,student_5818,65,70
5819,student_5819,90,55
5820,student_5820,66,74
5821,student_5821,86,86
5822,student_5822,66,72
5823,student_5823,73,71
5824,student_5824,57,65
5825,student_5825,82,88
5826,student_5826,96,52
5827,student_5827,79,62
5828,student_5828,91,80
5829,student_5829,50,95
5830,student_5830,64,60
5831,student_5831,83,66
5832,student_5832,96,83
5833,student_5833,68,69
5834,student_5834,95,65
5835,student_5835,96,78
5836,student_5836,61,58
5837,student_5837,60,81
5838,student_5838,81,75
5839,student_5839,75,75
5840,student_5840,51,83
5841,student_5841,100,54
5842,student_5842,85,80
5843,student_5843,55,99
5844,student_5844,64,91
5845,student_5845,66,65
5846,student_5846,59,69
5847,student_5847,80,92
5848,student_5848,86,67
5849,student_5849,68,93
5850,student_5850,51,68
5851,student_5851,90,82
5852,student_5852,69,77
5853,student_5853,89,60
5854,student_5854,87,97
5855,student_5855,62,75
5856,student_5856,96,75
5857,student_5857,77,83
5858,student_5858,93,61
5859,student_5859,61,63
5860,student_5860,82,52
5861,student_5861,83,79
5862,student_5862,57,68
5863,student_5863,61,95
5864,student_5864,52,67
5865,student_5865,57,65
5866,student_5866,63,97
5867,student_5867,72,72
5868,student_5868,81,90
5869,student_5869,89,57
5870,student_5870,74,54
5871,student_5871,88,100
5872,student_5872,87,90
5873,student_5873,85,70
5874,student_5874,66,61
5875,student_5875,85,75
5876,student_5876,89,57
5877,student_5877,70,52
5878,student_5878,93,92
5879,student_5879,51,100
5880,student_5880,73,94
5881,student_5881,93,72
5882,student_5882,65,99
5883,student_5883,67,98
5884,student_5884,66,75
5885,student_5885,53,88
5886,student_5886,64,57
5887,student_5887,91,76
5888,student_5888,88,81
5889,student_5889,58,93
5890,student_5890,57,58
5891,student_5891,60,62
5892,student_5892,75,86
5893,student_5893,71,51
5894,student_5894,84,99
5895,student_5895,78,79
5896,student_5896,65,98
5897,student_5897,83,87
5898,student_5898,75,71
5899,student_5899,95,86
5900,student_5900,53,80
5901,student_5901,91,56
5902,student_5902,82,93
5903,student_5903,77,80
5904,student_5904,98,53
5905,student_5905,51,60
5906,student_5906,67,51
5907,student_5907,94,65
5908,student_5908,57,95
5909,student_5909,51,74
5910,student_5910,63,74
5911,student_5911,86,91
5912,student_5912,90,84
5913,student_5913,93,97
5914,student_5914,99,56
5915,student_5915,93,69
5916,student_5916,95,85
5917,student_5917,76,90
5918,student_5918,78,82
5919,student_5919,70,50
5920,student_5920,70,74
5921,student_5921,57,82
5922,student_5922,68,70
5923,student_5923,60,84
5924,student_5924,75,64
5925,student_5925,81,85
5926,student_5926,95,56
5927,student_5927,95,62
5928,student_5928,75,99
5929,student_5929,59,84
5930,student_5930,69,68
5931,student_5931,63,88
5932,student_5932,79,87
5933,student_5933,74,91
5934,student_5934,69,76
5935,student_5935,78,52
5936,student_5936,51,60
5937,student_5937,80,98
5938,student_5938,81,70
5939,student_5939,67,56
5940,student_5940,99,70
5941,student_5941,93,85
5942,student_5942,96,65
5943,student_5943,61,80
5944,student_5944,87,65
5945,student_5945,65,80
5946,student_5946,60,65
5947,student_5947,83,87
5948,student_5948,91,79
5949,student_5949,61,83
5950,student_5950,69,63
5951,student_5951,67,77
5952,student_5952,80,65
5953,student_5953,93,60
5954,student_5954,76,79
5955,student_5955,74,68
5956,student_5956,95,70
5957,student_5957,83,71
5958,student_5958,90,59
5959,student_5959,88,87
5960,student_5960,87,78
5961,student_5961,68,58
5962,student_5962,53,53
5963,student_5963,85,93
5964,student_5964,83,56
5965,student_5965,87,56
5966,student_5966,77,68
5967,student_5967,54,84
5968,student_5968,59,85
5969,student_5969,81,100
5970,student_5970,95,52
5971,student_5971,72,93
5972,student_5972,63,50
5973,student_5973,84,59
5974,student_5974,63,68
5975,student_5975,98,92
5976,student_5976,62,81
5977,student_5977,50,77
5978,student_5978,59,56
5979,student_5979,73,92
5980,student_5980,57,56
5981,student_5981,70,60
5982,student_5982,85,85
5983,student_5983,77,69
5984,student_5984,74,88
5985,student_5985,78,62
5986,student_5986,53,65
5987,student_5987,58,98
5988,student_5988,55,91
5989,student_5989,93,93
5990,student_5990,95,97
5991,student_5991,56,53
5992,student_5992,85,89
5993,student_5993,99,67
5994,student_5994,89,60
5995,student_5995,55,94
5996,student_5996,68,86
5997,student_5997,73,94
5998,student_5998,99,58
5999,student_5999,52,51
6000,student_6000,89,80
6001,student_6001,75,76
6002,student_6002,64,56
6003,student_6003,77,85
6004,student_6004,91,84
6005,student_6005,73,68
6006,student_6006,65,81
6007,student_6007,54,93
6008,student_6008,86,74
6009,student_6009,87,64
6010,student_6010,78,79
6011,student_6011,100,64
6012,student_6012,85,69
6013,student_6013,57,63
6014,student_6014,56,96
6015,student_6015,54,95
6016,student_6016,61,86
6017,student_6017,91,78
6018,student_6018,70,53
6019,student_6019,75,65
6020,student_6020,100,73
6021,student_6021,85,94
6022,student_6022,66,76
6023,student_6023,76,96
6024,student_6024,96,56
6025,student_6025,80,71
6026,student_6026,83,63
6027,student_6027,82,62
6028,student_6028,64,90
6029,student_6029,68,81
6030,student_6030,86,89
6031,student_6031,84,62
6032,student_6032,64,92
6033,student_6033,53,81
6034,student_6034,100,78
6035,student_6035,82,79
6036,student_6036,55,73
6037,student_6037,91,58
6038,student_6038,57,76
6039,student_6039,99,79
6040,student_6040,81,88
6041,student_6041,73,90
6042,student_6042,88,100
6043,student_6043,93,83
6044,student_6044,90,72
6045,student_6045,88,93
6046,student_6046,54,57
6047,student_6047,80,62
6048,student_6048,56,82
6049,student_6049,100,51
6050,student_6050,89,59
6051,student_6051,55,87
6052,student_6052,79,85
6053,student_6053,91,62
6054,student_6054,85,89
6055,student_6055,66,54
6056,student_6056,81,69
6057,student_6057,72,77
6058,student_6058,92,52
6059,student_6059,79,60
6060,student_6060,71,70
6061,student_6061,87,78
6062,student_6062,79,59
6063,student_6063,72,78
6064,student_6064,55,89
6065,student_6065,58,89
6066,student_6066,92,68
6067,student_6067,98,84
6068,student_6068,96,94
6069,student_6069,93,71
6070,student_6070,79,96
6071,student_6071,88,78
6072,student_6072,91,72
6073,student_6073,80,58
6074,student_6074,85,89
6075,student_6075,73,86
6076,student_6076,50,69
6077,student_6077,61,99
6078,student_6078,72,95
6079,student_6079,91,98
6080,student_6080,61,56
6081,student_6081,74,59
6082,student_6082,95,68
6083,student_6083,98,57
6084,student_6084,77,61
6085,student_6085,86,100
6086,student_6086,69,94
6087,student_6087,84,64
6088,student_6088,79,62
6089,student_6089,71,95
6090,student_6090,79,58
6091,student_6091,93,60
6092,student_6092,82,77
6093,student_6093,77,55
6094,student_6094,82,89
6095,student_6095,89,93
6096,student_6096,98,99
6097,student_6097,70,92
6098,student_6098,85,92
6099,student_6099,74,50
6100,student_6100,53,57
6101,student_6101,55,63
6102,student_6102,57,63
6103,student_6103,95,51
6104,student_6104,59,91
6105,student_6105,65,50
6106,student_6106,88,51
6107,student_6107,77,81
6108,student_6108,50,75
6109,student_6109,76,94
6110,student_6110,87,74
6111,student_6111,86,91
6112,student_6112,61,99
6113,student_6113,52,99
6114,student_6114,60,74
6115,student_6115,90,76
6116,student_6116,70,62
6117,student_6117,67,94
6118,student_6118,73,66
6119,student_6119,62,96
6120,student_6120,67,94
6121,student_6121,88,51
6122,student_6122,73,95
6123,student_6123,61,85
6124,student_6124,77,86
6125,student_6125,85,100
6126,student_6126,77,70
6127,student_6127,75,87
6128,student_6128,85,63
6129,student_6129,55,52
6130,student_6130,77,100
6131,student_6131,84,77
6132,student_6132,64,96
6133,student_6133,50,57
6134,student_6134,90,55
6135,student_6135,97,60
6136,student_6136,62,83
6137,student_6137,83,52
6138,student_6138,61,97
6139,student_6139,62,56
6140,student_6140,55,84
6141,student_6141,71,54
6142,student_6142,100,84
6143,student_6143,73,83
6144,student_6144,67,100
6145,student_6145,61,72
6146,student_6146,53,97
6147,student_6147,78,58
6148,student_6148,86,60
6149,student_6149,63,52
6150,student_6150,54,76
6151,student_6151,80,84
6152,student_6152,72,92
6153,student_6153,92,100
6154,student_6154,56,80
6155,student_6155,57,83
6156,student_6156,96,75
6157,student_6157,73,52
6158,student_6158,79,73
6159,student_6159,90,92
6160,student_6160,93,82
6161,student_6161,89,76
6162,student_6162,96,77
6163,student_6163,60,95
6164,student_6164,85,82
6165,student_6165,69,57
6166,student_6166,79,92
6167,student_6167,99,51
6168,student_6168,96,96
6169,student_6169,61,64
6170,student_6170,79,71
6171,student_6171,67,78
6172,student_6172,92,83
6173,student_6173,85,82
6174,student_6174,63,69
6175,student_6175,91,91
6176,student_6176,95,57
6177,student_6177,76,56
6178,student_6178,53,99
6179,student_6179,76,82
6180,student_6180,94,88
6181,student_6181,82,89
6182,student_6182,69,59
6183,student_6183,52,65
6184,student_6184,84,52
6185,student_6185,69,64
6186,student_6186,66,60
6187,student_6187,76,83
6188,student_6188,92,55
6189,student_6189,94,98
6190,student_6190,90,52
6191,student_6191,92,62
6192,student_6192,58,82
6193,student_6193,93,78
6194,student_6194,67,69
6195,student_6195,96,94
6196,student_6196,59,89
6197,student_6197,91,54
6198,student_6198,65,93
6199,student_6199,93,96
6200,student_6200,64,60
6201,student_6201,77,54
6202,student_6202,53,57
6203,student_6203,93,66
6204,student_6204,100,80
6205,student_6205,98,92
6206,student_6206,75,55
6207,student_6207,76,63
6208,student_6208,79,74
6209,student_6209,87,91
6210,student_6210,83,85
6211,student_6211,67,94
6212,student_6212,100,68
6213,student_6213,61,90
6214,student_6214,56,96
6215,student_6215,60,81
6216,student_6216,96,62
6217,student_6217,94,52
6218,student_6218,96,64
6219,student_6219,55,50
6220,student_6220,96,76
6221,student_6221,88,92
6222,student_6222,69,53
6223,student_6223,99,81
6224,student_6224,87,59
6225,student_6225,97,73
6226,student_6226,53,64
6227,student_6227,61,86
6228,student_6228,94,70
6229,student_6229,50,61
6230,student_6230,95,57
6231,student_6231,91,60
6232,student_6232,60,51
6233,student_6233,74,74
6234,student_6234,56,66
6235,student_6235,67,51
6236,student_6236,86,95
6237,student_6237,64,85
6238,student_6238,52,82
6239,student_6239,81,51
6240,student_6240,99,62
6241,student_6241,88,66
6242,student_6242,73,78
6243,student_6243,80,80
6244,student_6244,75,52
6245,student_6245,76,57
6246,student_6246,95,71
6247,student_6247,53,51
6248,student_6248,92,56
6249,student_6249,86,86
6250,student_6250,98,66
6251,student_6251,99,94
6252,student_6252,91,96
6253,student_6253,78,90
6254,student_6254,78,81
6255,student_6255,99,71
6256,student_6256,56,85
6257,student_6257,73,60
6258,student_6258,63,85
6259,student_6259,87,91
6260,student_6260,99,63
6261,student_6261,55,85
6262,student_6262,62,87
6263,student_6263,89,91
6264,student_6264,81,63
6265,student_6265,70,99
6266,student_6266,51,96
6267,student_6267,66,50
6268,student_6268,60,88
6269,student_6269,68,85
6270,student_6270,95,75
6271,student_6271,78,87
6272,student_6272,51,70
6273,student_6273,75,57
6274,student_6274,59,54
6275,student_6275,83,76
6276,student_6276,74,67
6277,student_6277,79,100
6278,student_6278,62,74
6279,student_6279,67,99
6280,student_6280,80,67
6281,student_6281,82,58
6282,student_6282,81,94
6283,student_6283,91,64
6284,student_6284,77,78
6285,student_6285,77,78
6286,student_6286,90,84
6287,student_6287,84,100
6288,student_6288,70,66
6289,student_6289,85,70
6290,student_6290,53,95
6291,student_6291,75,92
6292,student_6292,71,100
6293,student_6293,77,67
6294,student_6294,89,68
6295,student_6295,69,54
6296,student_6296,97,99
6297,student_6297,81,67
6298,student_6298,59,69
6299,student_6299,67,50
6300,student_6300,73,61
6301,student_6301,90,57
6302,student_6302,98,96
6303,student_6303,75,83
6304,student_6304,79,78
6305,student_6305,79,75
6306,student_6306,81,86
6307,student_6307,60,56
6308,student_6308,53,61
6309,student_6309,81,83
6310,student_6310,88,82
6311,student_6311,75,54
6312,student_6312,90,92
6313,student_6313,82,75
6314,student_6314,87,74
6315,student_6315,82,87
6316,student_6316,71,89
6317,student_6317,85,59
6318,student_6318,100,55
6319,student_6319,50,73
6320,student_6320,83,56
6321,student_6321,77,65
6322,student_6322,70,90
6323,student_6323,83,88
6324,student_6324,87,68
6325,student_6325,97,59
6326,student_6326,76,74
6327,student_6327,80,80
6328,student_6328,68,81
6329,student_6329,94,65
6330,student_6330,51,75
6331,student_6331,70,86
6332,student_6332,70,78
6333,student_6333,66,96
6334,student_6334,59,56
6335,student_6335,70,75
6336,student_6336,81,79
6337,student_6337,78,91
6338,student_6338,77,68
6339,student_6339,73,73
6340,student_6340,93,83
6341,student_6341,94,98
6342,student_6342,82,63
6343,student_6343,58,82
6344,student_6344,90,55
6345,student_6345,95,68
6346,student_6346,78,61
6347,student_6347,95,89
6348,student_6348,79,51
6349,student_6349,71,91
6350,student_6350,76,61
6351,student_6351,67,98
6352,student_6352,63,91
6353,student_6353,66,92
6354,student_6354,57,55
6355,student_6355,91,62
6356,student_6356,77,72
6357,student_6357,71,93
6358,student_6358,84,76
6359,student_6359,65,72
6360,student_6360,94,81
6361,student_6361,71,67
6362,student_6362,80,86
6363,student_6363,88,85
6364,student_6364,74,83
6365,student_6365,75,70
6366,student_6366,67,77
6367,student_6367,57,58
6368,student_6368,98,81
6369,student_6369,60,69
6370,student_6370,73,50
6371,student_6371,63,69
6372,student_6372,61,93
6373,student_6373,84,89
6374,student_6374,93,98
6375,student_6375,99,92
6376,student_6376,95,64
6377,student_6377,60,84
6378,student_6378,55,89
6379,student_6379,64,55
6380,student_6380,75,74
6381,student_6381,91,62
6382,student_6382,64,51
6383,student_6383,74,89
6384,student_6384,72,65
6385,student_6385,56,93
6386,student_6386,89,84
6387,student_6387,73,51
6388,student_6388,75,82
6389,student_6389,52,84
6390,student_6390,90,91
6391,student_6391,81,60
6392,student_6392,95,59
6393,student_6393,51,90
6394,student_6394,72,70
6395,student_6395,54,70
6396,student_6396,61,92
6397,student_6397,94,67
6398,student_6398,70,99
6399,student_6399,86,57
6400,student_6400,77,65
6401,student_6401,71,63
6402,student_6402,71,59
6403,student_6403,86,76
6404,student_6404,57,83
6405,student_6405,98,70
6406,student_6406,56,52
6407,student_6407,92,61
6408,student_6408,67,92
6409,student_6409,66,92
6410,student_6410,81,58
6411,student_6411,54,72
6412,student_6412,86,88
6413,student_6413,99,58
6414,student_6414,77,82
6415,student_6415,80,59
6416,student_6416,78,82
6417,student_6417,81,66
6418,student_6418,58,64
6419,student_6419,54,67
6420,student_6420,54,60
6421,student_6421,100,83
6422,student_6422,87,82
6423,student_6423,81,66
6424,student_6424,53,70
6425,student_6425,85,76
6426,student_6426,100,84
6427,student_6427,70,61
6428,student_6428,59,85
6429,student_6429,56,58
6430,student_6430,86,77
6431,student_6431,100,75
6432,student_6432,75,92
6433,student_6433,96,50
6434,student_6434,80,70
6435,student_6435,70,86
6436,student_6436,71,94
6437,student_6437,72,100
6438,student_6438,94,82
6439,student_6439,75,79
6440,student_6440,66,74
6441,student_6441,90,84
6442,student_6442,58,51
6443,student_6443,65,66
6444,student_6444,72,56
6445,student_6445,79,93
6446,student_6446,62,94
6447,student_6447,96,90
6448,student_6448,70,97
6449,student_6449,85,93
6450,student_6450,53,92
6451,student_6451,56,87
6452,student_6452,54,90
6453,student_6453,89,99
6454,student_6454,75,100
6455,student_6455,67,85
6456,student_6456,83,63
6457,student_6457,79,90
6458,student_6458,69,64
6459,student_6459,67,53
6460,student_6460,60,50
6461,student_6461,54,78
6462,student_6462,100,86
6463,student_6463,89,75
6464,student_6464,56,88
6465,student_6465,81,76
6466,student_6466,67,85
6467,student_6467,58,83
6468,student_6468,50,58
6469,student_6469,99,97
6470,student_6470,57,80
6471,student_6471,86,81
6472,student_6472,59,62
6473,student_6473,96,66
6474,student_6474,73,88
6475,student_6475,92,89
6476,student_6476,77,68
6477,student_6477,76,65
6478,student_6478,76,86
6479,student_6479,99,90
6480,student_6480,83,82
6481,student_6481,53,69
6482,student_6482,52,69
6483,student_6483,70,71
6484,student_6484,86,65
6485,student_6485,70,58
6486,student_6486,58,95
6487,student_6487,99,75
6488,student_6488,81,72
6489,student_6489,95,75
6490,student_6490,84,94
6491,student_6491,100,90
6492,student_6492,77,78
6493,student_6493,99,86
6494,student_6494,63,86
6495,student_6495,61,87
6496,student_6496,53,70
6497,student_6497,80,75
6498,student_6498,83,68
6499,student_6499,85,98
6500,student_6500,63,91
6501,student_6501,57,84
6502,student_6502,66,87
6503,student_6503,78,55
6504,student_6504,94,84
6505,student_6505,73,51
6506,student_6506,78,58
6507,student_6507,55,63
6508,student_6508,72,78
6509,student_6509,83,94
6510,student_6510,80,86
6511,student_6511,54,85
6512,student_6512,58,51
6513,student_6513,97,71
6514,student_6514,62,92
6515,student_6515,80,93
6516,student_6516,60,51
6517,student_6517,72,84
6518,student_6518,61,75
6519,student_6519,85,65
6520,student_6520,73,73
6521,student_6521,51,86
6522,student_6522,93,63
6523,student_6523,85,59
6524,student_6524,72,54
6525,student_6525,95,80
6526,student_6526,69,61
6527,student_6527,91,83
6528,student_6528,82,99
6529,student_6529,69,98
6530,student_6530,55,62
6531,student_6531,93,89
6532,student_6532,59,63
6533,student_6533,71,62
6534,student_6534,93,90
6535,student_6535,70,86
6536,student_6536,53,72
6537,student_6537,60,53
6538,student_6538,76,99
6539,student_6539,98,66
6540,student_6540,59,96
6541,student_6541,81,92
6542,student_6542,74,72
6543,student_6543,61,76
6544,student_6544,67,80
6545,student_6545,97,73
6546,student_6546,57,97
6547,student_6547,55,96
6548,student_6548,79,65
6549,student_6549,56,96
6550,student_6550,75,72
6551,student_6551,73,83
6552,student_6552,100,84
6553,student_6553,66,57
6554,student_6554,91,60
6555,student_6555,70,71
6556,student_6556,78,72
6557,student_6557,51,94
6558,student_6558,74,51
6559,student_6559,54,64
6560,student_6560,56,81
6561,student_6561,79,90
6562,student_6562,80,78
6563,student_6563,88,69
6564,student_6564,62,57
6565,student_6565,74,71
6566,student_6566,75,60
6567,student_6567,86,84
6568,student_6568,81,91
6569,student_6569,54,61
6570,student_6570,77,86
6571,student_6571,87,89
6572,student_6572,93,60
6573,student_6573,85,63
6574,student_6574,72,82
6575,student_6575,60,84
6576,student_6576,67,80
6577,student_6577,91,67
6578,student_6578,82,97
6579,student_6579,69,61
6580,student_6580,94,79
6581,student_6581,96,93
6582,student_6582,89,67
6583,student_6583,75,80
6584,student_6584,55,55
6585,student_6585,51,92
6586,student_6586,56,100
6587,student_6587,89,85
6588,student_6588,70,59
6589,student_6589,89,56
6590,student_6590,66,58
6591,student_6591,85,78
6592,student_6592,75,91
6593,student_6593,74,93
6594,student_6594,87,60
6595,student_6595,73,98
6596,student_6596,74,53
6597,student_6597,61,69
6598,student_6598,53,55
6599,student_6599,51,94
6600,student_6600,56,79
6601,student_6601,87,65
6602,student_6602,91,85
6603,student_6603,100,54
6604,student_6604,75,69
6605,student_6605,68,92
6606,student_6606,51,55
6607,student_6607,89,80
6608,student_6608,83,100
6609,student_6609,76,80
6610,student_6610,57,53
6611,student_6611,73,91
6612,student_6612,77,84
6613,student_6613,89,90
6614,student_6614,50,55
6615,student_6615,66,78
6616,student_6616,52,75
6617,student_6617,74,84
6618,student_6618,76,87
6619,student_6619,76,67
6620,student_6620,75,65
6621,student_6621,86,71
6622,student_6622,65,68
6623,student_6623,92,86
6624,student_6624,90,76
6625,student_6625,60,60
6626,student_6626,51,58
6627,student_6627,68,98
6628,student_6628,76,79
6629,student_6629,96,95
6630,student_6630,84,85
6631,student_6631,50,98
6632,student_6632,64,88
6633,student_6633,96,84
6634,student_6634,97,50
6635,student_6635,64,95
6636,student_6636,57,80
6637,student_6637,73,90
6638,student_6638,57,78
6639,student_6639,100,71
6640,student_6640,86,56
6641,student_6641,84,96
6642,student_6642,71,54
6643,student_6643,62,76
6644,student_6644,71,73
6645,student_6645,82,89
6646,student_6646,100,66
6647,student_6647,65,68
6648,student_6648,67,50
6649,student_6649,61,81
6650,student_6650,91,89
6651,student_6651,63,77
6652,student_6652,93,60
6653,student_6653,80,84
6654,student_6654,55,53
6655,student_6655,52,68
6656,student_6656,75,70
6657,student_6657,53,95
6658,student_6658,55,57
6659,student_6659,89,82
6660,student_6660,85,64
6661,student_6661,72,82
6662,student_6662,53,82
6663,student_6663,69,91
6664,student_6664,52,55
6665,student_6665,87,72
6666,student_6666,55,83
6667,student_6667,67,91
6668,student_6668,97,56
6669,student_6669,53,91
6670,student_6670,64,56
6671,student_6671,80,87
6672,student_6672,74,50
6673,student_6673,67,86
6674,student_6674,98,55
6675,student_6675,93,67
6676,student_6676,72,82
6677,student_6677,87,58
6678,student_6678,52,63
6679,student_6679,95,69
6680,student_6680,91,98
6681,student_6681,71,80
6682,student_6682,93,82
6683,student_6683,61,85
6684,student_6684,92,80
6685,student_6685,52,88
6686,student_6686,65,53
6687,student_6687,85,93
6688,student_6688,56,73
6689,student_6689,70,99
6690,student_6690,50,64
6691,student_6691,80,57
6692,student_6692,94,79
6693,student_6693,53,78
6694,student_6694,96,98
6695,student_6695,58,74
6696,student_6696,77,93
6697,student_6697,70,72
6698,student_6698,74,96
6699,student_6699,89,64
6700,student_6700,67,97
6701,student_6701,95,91
6702,student_6702,90,52
6703,student_6703,89,70
6704,student_6704,58,51
6705,student_6705,86,59
6706,student_6706,95,99
6707,student_6707,100,68
6708,student_6708,73,71
6709,student_6709,93,50
6710,student_6710,86,71
6711,student_6711,60,76
6712,student_6712,99,50
6713,student_6713,83,79
6714,student_6714,85,53
6715,student_6715,55,99
6716,student_6716,75,65
6717,student_6717,50,71
6718,student_6718,70,55
6719,student_6719,83,68
6720,student_6720,85,55
6721,student_6721,98,65
6722,student_6722,52,68
6723,student_6723,60,68
6724,student_6724,73,69
6725,student_6725,59,50
6726,student_6726,99,78
6727,student_6727,88,63
6728,student_6728,78,77
6729,student_6729,86,52
6730,student_6730,77,83
6731,student_6731,70,78
6732,student_6732,52,59
6733,student_6733,57,68
6734,student_6734,53,57
6735,student_6735,58,70
6736,student_6736,92,61
6737,student_6737,75,51
6738,student_6738,58,62
6739,student_6739,89,72
6740,student_6740,59,68
6741,student_6741,55,81
6742,student_6742,64,88
6743,student_6743,56,65
6744,student_6744,54,51
6745,student_6745,59,100
6746,student_6746,54,86
6747,student_6747,55,59
6748,student_6748,55,53
6749,student_6749,85,53
6750,student_6750,84,52
6751,student_6751,57,74
6752,student_6752,70,60
6753,student_6753,97,59
6754,student_6754,93,100
6755,student_6755,68,65
6756,student_6756,92,52
6757,student_6757,65,97
6758,student_6758,65,60
6759,student_6759,82,57
6760,student_6760,90,72
6761,student_6761,51,68
6762,student_6762,70,85
6763,student_6763,86,60
6764,student_6764,65,95
6765,student_6765,69,53
6766,student_6766,79,83
6767,student_6767,50,71
6768,student_6768,80,53
6769,student_6769,86,74
6770,student_6770,88,91
6771,student_6771,68,67
6772,student_6772,59,61
6773,student_6773,76,56
6774,student_6774,66,84
6775,student_6775,100,67
6776,student_6776,51,88
6777,student_6777,93,50
6778,student_6778,60,78
6779,student_6779,51,86
6780,student_6780,79,79
6781,student_6781,59,81
6782,student_6782,58,65
6783,student_6783,58,97
6784,student_6784,93,54
6785,student_6785,100,79
6786,student_6786,87,56
6787,student_6787,76,89
6788,student_6788,55,99
6789,student_6789,99,60
6790,student_6790,87,94
6791,student_6791,73,94
6792,student_6792,96,74
6793,student_6793,74,84
6794,student_6794,99,96
6795,student_6795,65,76
6796,student_6796,72,88
6797,student_6797,68,75
6798,student_6798,75,50
6799,student_6799,78,99
6800,student_6800,64,55
6801,student_6801,94,100
6802,student_6802,88,78
6803,student_6803,83,66
6804,student_6804,53,58
6805,student_6805,65,64
6806,student_6806,57,86
6807,student_6807,92,57
6808,student_6808,60,83
6809,student_6809,81,61
6810,student_6810,54,69
6811,student_6811,92,56
6812,student_6812,79,88
6813,student_6813,57,83
6814,student_6814,90,59
6815,student_6815,99,58
6816,student_6816,62,65
6817,student_6817,55,61
6818,student_6818,81,90
6819,student_6819,97,73
6820,student_6820,66,62
6821,student_6821,71,84
6822,student_6822,84,61
6823,student_6823,77,92
6824,student_6824,100,79
6825,student_6825,94,93
6826,student_6826,93,87
6827,student_6827,76,95
6828,student_6828,52,88
6829,student_6829,55,77
6830,student_6830,98,90
6831,student_6831,90,75
6832,student_6832,70,71
6833,student_6833,99,70
6834,student_6834,53,87
6835,student_6835,77,50
6836,student_6836,57,82
6837,student_6837,57,52
6838,student_6838,98,96
6839,student_6839,79,77
6840,student_6840,54,51
6841,student_6841,84,83
6842,student_6842,87,64
6843,student_6843,52,78
6844,student_6844,58,77
6845,student_6845,74,58
6846,student_6846,97,79
6847,student_6847,57,72
6848,student_6848,95,66
6849,student_6849,63,54
6850,student_6850,62,63
6851,student_6851,59,56
6852,student_6852,96,50
6853,student_6853,55,63
6854,student_6854,65,88
6855,student_6855,52,76
6856,student_6856,53,53
6857,student_6857,93,77
6858,student_6858,70,75
6859,student_6859,60,86
6860,student_6860,94,57
6861,student_6861,70,59
6862,student_6862,92,61
6863,student_6863,88,96
6864,student_6864,77,67
6865,student_6865,58,81
6866,student_6866,94,88
6867,student_6867,65,94
6868,student_6868,80,57
6869,student_6869,71,87
6870,student_6870,73,84
6871,student_6871,92,59
6872,student_6872,66,71
6873,student_6873,62,86
6874,student_6874,68,55
6875,student_6875,82,71
6876,student_6876,91,91
6877,student_6877,88,96
6878,student_6878,67,78
6879,student_6879,78,91
6880,student_6880,87,84
6881,student_6881,51,64
6882,student_6882,53,99
6883,student_6883,94,74
6884,student_6884,99,95
6885,student_6885,99,97
6886,student_6886,69,52
6887,student_6887,73,86
6888,student_6888,60,79
6889,student_6889,69,75
6890,student_6890,78,53
6891,student_6891,58,83
6892,student_6892,80,70
6893,student_6893,80,81
6894,student_6894,70,95
6895,student_6895,61,56
6896,student_6896,66,87
6897,student_6897,78,81
6898,student_6898,91,59
6899,student_6899,63,96
6900,student_6900,77,78
6901,student_6901,68,57
6902,student_6902,64,93
6903,student_6903,89,76
6904,student_6904,85,80
6905,student_6905,73,78
6906,student_6906,70,97
6907,student_6907,72,52
6908,student_6908,61,54
6909,student_6909,61,55
6910,student_6910,60,89
6911,student_6911,62,76
6912,student_6912,54,96
6913,student_6913,77,100
6914,student_6914,82,99
6915,student_6915,51,88
6916,student_6916,80,71
6917,student_6917,66,61
6918,student_6918,67,56
6919,student_6919,84,58
6920,student_6920,71,90
6921,student_6921,92,77
6922,student_6922,68,52
6923,student_6923,99,97
6924,student_6924,95,57
6925,student_6925,78,94
6926,student_6926,63,55
6927,student_6927,78,59
6928,student_6928,97,73
6929,student_6929,93,94
6930,student_6930,75,82
6931,student_6931,91,74
6932,student_6932,67,50
6933,student_6933,72,55
6934,student_6934,90,89
6935,student_6935,98,87
6936,student_6936,99,87
6937,student_6937,63,53
6938,student_6938,73,68
6939,student_6939,57,97
6940,student_6940,98,56
6941,student_6941,98,93
6942,student_6942,86,94
6943,student_6943,58,82
6944,student_6944,92,50
6945,student_6945,82,75
6946,student_6946,77,81
6947,student_6947,100,54
6948,student_6948,88,93
6949,student_6949,87,77
6950,student_6950,63,82
6951,student_6951,80,54
6952,student_6952,89,88
6953,student_6953,77,97
6954,student_6954,83,68
6955,student_6955,81,81
6956,student_6956,84,56
6957,student_6957,71,80
6958,student_6958,79,90
6959,student_6959,62,80
6960,student_6960,63,95
6961,student_6961,64,83
6962,student_6962,54,71
6963,student_6963,50,66
6964,student_6964,78,89
6965,student_6965,80,68
6966,student_6966,87,86
6967,student_6967,84,95
6968,student_6968,52,61
6969,student_6969,99,53
6970,student_6970,89,67
6971,student_6971,69,62
6972,student_6972,71,54
6973,student_6973,57,77
6974,student_6974,54,71
6975,student_6975,61,59
6976,student_6976,57,78
6977,student_6977,57,82
6978,student_6978,56,70
6979,student_6979,67,54
6980,student_6980,65,55
6981,student_6981,64,71
6982,student_6982,64,63
6983,student_6983,84,77
6984,student_6984,90,69
6985,student_6985,65,71
6986,student_6986,59,96
6987,student_6987,87,57
6988,student_6988,65,69
6989,student_6989,99,54
6990,student_6990,61,57
6991,student_6991,50,70
6992,student_6992,73,72
6993,student_6993,97,66
6994,student_6994,85,50
6995,student_6995,63,63
6996,student_6996,98,91
6997,student_6997,90,76
6998,student_6998,60,57
6999,student_6999,77,69
7000,student_7000,95,84
7001,student_7001,99,91
7002,student_7002,58,92
7003,student_7003,78,78
7004,student_7004,50,57
7005,student_7005,100,95
7006,student_7006,76,85
7007,student_7007,99,60
7008,student_7008,92,98
7009,student_7009,78,68
7010,student_7010,91,62
7011,student_7011,59,97
7012,student_7012,64,85
7013,student_7013,100,55
7014,student_7014,64,60
7015,student_7015,94,65
7016,student_7016,74,64
7017,student_7017,59,50
7018,student_7018,96,80
7019,student_7019,61,56
7020,student_7020,98,97
7021,student_7021,93,76
7022,student_7022,84,55
7023,student_7023,76,92
7024,student_7024,66,55
7025,student_7025,95,73
7026,student_7026,96,60
7027,student_7027,98,50
7028,student_7028,86,84
7029,student_7029,57,65
7030,student_7030,87,77
7031,student_7031,55,86
7032,student_7032,94,94
7033,student_7033,82,72
7034,student_7034,64,94
7035,student_7035,93,87
7036,student_7036,61,92
7037,student_7037,87,61
7038,student_7038,67,92
7039,student_7039,57,68
7040,student_7040,66,67
7041,student_7041,76,80
7042,student_7042,99,77
7043,student_7043,69,61
7044,student_7044,89,75
7045,student_7045,65,74
7046,student_7046,94,96
7047,student_7047,57,88
7048,student_7048,90,92
7049,student_7049,62,62
7050,student_7050,55,59
7051,student_7051,91,54
7052,student_7052,92,59
7053,student_7053,82,52
7054,student_7054,63,77
7055,student_7055,65,86
7056,student_7056,84,74
7057,student_7057,71,65
7058,student_7058,66,68
7059,student_7059,71,51
7060,student_7060,74,82
7061,student_7061,74,91
7062,student_7062,79,68
7063,student_7063,99,76
7064,student_7064,96,51
7065,student_7065,75,76
7066,student_7066,92,84
7067,student_7067,97,87
7068,student_7068,89,97
7069,student_7069,65,90
7070,student_7070,85,79
7071,student_7071,77,89
7072,student_7072,69,65
7073,student_7073,70,68
7074,student_7074,61,68
7075,student_7075,62,84
7076,student_7076,79,93
7077,student_7077,97,96
7078,student_7078,89,93
7079,student_7079,58,96
7080,student_7080,96,65
7081,student_7081,97,51
7082,student_7082,73,81
7083,student_7083,62,75
7084,student_7084,69,53
7085,student_7085,54,91
7086,student_7086,91,70
7087,student_7087,92,81
7088,student_7088,76,94
7089,student_7089,87,84
7090,student_7090,93,78
7091,student_7091,76,77
7092,student_7092,81,93
7093,student_7093,76,93
7094,student_7094,86,73
7095,student_7095,85,60
7096,student_7096,60,83
7097,student_7097,92,81
7098,student_7098,78,89
7099,student_7099,95,61
7100,student_7100,89,89
7101,student_7101,65,86
7102,student_7102,64,60
7103,student_7103,50,51
7104,student_7104,98,88
7105,student_7105,86,75
7106,student_7106,89,56
7107,student_7107,54,78
7108,student_7108,80,73
7109,student_7109,83,76
7110,student_7110,91,74
7111,student_7111,79,51
7112,student_7112,59,76
7113,student_7113,56,87
7114,student_7114,66,93
7115,student_7115,86,91
7116,student_7116,83,65
7117,student_7117,87,75
7118,student_7118,59,77
7119,student_7119,88,64
7120,student_7120,90,62
7121,student_7121,83,69
7122,student_7122,83,91
7123,student_7123,65,65
7124,student_7124,58,68
7125,student_7125,60,71
7126,student_7126,81,76
7127,student_7127,94,59
7128,student_7128,53,88
7129,student_7129,57,100
7130,student_7130,95,55
7131,student_7131,50,51
7132,student_7132,69,54
7133,student_7133,78,82
7134,student_7134,92,83
7135,student_7135,88,71
7136,student_7136,73,72
7137,student_7137,66,87
7138,student_7138,88,55
7139,student_7139,75,75
7140,student_7140,89,72
7141,student_7141,82,69
7142,student_7142,72,53
7143,student_7143,92,53
7144,student_7144,69,76
7145,student_7145,56,84
7146,student_7146,100,88
7147,student_7147,97,50
7148,student_7148,97,78
7149,student_7149,76,61
7150,student_7150,99,51
7151,student_7151,79,68
7152,student_7152,73,74
7153,student_7153,100,61
7154,student_7154,50,90
7155,student_7155,71,61
7156,student_7156,60,50
7157,student_7157,95,54
7158,student_7158,69,71
7159,student_7159,86,100
7160,student_7160,68,79
7161,student_7161,50,64
7162,student_7162,91,53
7163,student_7163,66,92
7164,student_7164,85,60
7165,student_7165,74,90
7166,student_7166,98,90
7167,student_7167,77,50
7168,student_7168,75,71
7169,student_7169,77,96
7170,student_7170,75,88
7171,student_7171,67,68
7172,student_7172,95,89
7173,student_7173,99,64
7174,student_7174,77,60
7175,student_7175,62,69
7176,student_7176,95,93
7177,student_7177,50,52
7178,student_7178,92,83
7179,student_7179,52,85
7180,student_7180,55,94
7181,student_7181,65,80
7182,student_7182,71,80
7183,student_7183,74,66
7184,student_7184,97,99
7185,student_7185,56,63
7186,student_7186,56,95
7187,student_7187,88,90
7188,student_7188,83,55
7189,student_7189,68,88
7190,student_7190,92,64
7191,student_7191,85,76
7192,student_7192,84,79
7193,student_7193,92,100
7194,student_7194,85,87
7195,student_7195,57,91
7196,student_7196,94,59
7197,student_7197,78,75
7198,student_7198,52,82
7199,student_7199,91,81
7200,student_7200,91,55
7201,student_7201,86,79
7202,student_7202,75,76
7203,student_7203,90,65
7204,student_7204,87,96
7205,student_7205,58,81
7206,student_7206,99,99
7207,student_7207,96,91
7208,student_7208,64,75
7209,student_7209,58,66
7210,student_7210,98,72
7211,student_7211,99,92
7212,student_7212,97,67
7213,student_7213,68,97
7214,student_7214,62,96
7215,student_7215,94,99
7216,student_7216,74,95
7217,student_7217,95,76
7218,student_7218,50,77
7219,student_7219,98,72
7220,student_7220,50,93
7221,student_7221,100,83
7222,student_7222,57,85
7223,student_7223,57,68
7224,student_7224,52,83
7225,student_7225,69,88
7226,student_7226,80,94
7227,student_7227,99,63
7228,student_7228,94,88
7229,student_7229,98,73
7230,student_7230,81,76
7231,student_7231,81,77
7232,student_7232,61,52
7233,student_7233,63,77
7234,student_7234,88,64
7235,student_7235,97,55
7236,student_7236,81,81
7237,student_7237,87,51
7238,student_7238,95,100
7239,student_7239,61,60
7240,student_7240,72,76
7241,student_7241,90,92
7242,student_7242,93,74
7243,student_7243,63,83
7244,student_7244,61,54
7245,student_7245,61,71
7246,student_7246,64,93
7247,student_7247,87,53
7248,student_7248,73,83
7249,student_7249,83,84
7250,student_7250,56,67
7251,student_7251,95,65
7252,student_7252,55,58
7253,student_7253,88,63
7254,student_7254,95,66
7255,student_7255,92,74
7256,student_7256,88,59
7257,student_7257,56,86
7258,student_7258,96,70
7259,student_7259,85,90
7260,student_7260,74,55
7261,student_7261,50,61
7262,student_7262,77,84
7263,student_7263,82,59
7264,student_7264,67,70
7265,student_7265,58,78
7266,student_7266,72,64
7267,student_7267,100,56
7268,student_7268,100,77
7269,student_7269,93,67
7270,student_7270,60,62
7271,student_7271,77,92
7272,student_7272,67,98
7273,student_7273,67,68
7274,student_7274,83,78
7275,student_7275,78,61
7276,student_7276,54,73
7277,student_7277,80,67
7278,student_7278,74,77
7279,student_7279,74,52
7280,student_7280,57,94
7281,student_7281,66,74
7282,student_7282,81,82
7283,student_7283,61,95
7284,student_7284,87,74
7285,student_7285,88,74
7286,student_7286,59,61
7287,student_7287,59,61
7288,student_7288,79,56
7289,student_7289,82,68
7290,student_7290,93,66
7291,student_7291,50,71
7292,student_7292,98,70
7293,student_7293,73,52
7294,student_7294,79,57
7295,student_7295,66,53
7296,student_7296,100,90
7297,student_7297,100,85
7298,student_7298,86,69
7299,student_7299,54,94
7300,student_7300,69,65
7301,student_7301,90,94
7302,student_7302,96,68
7303,student_7303,88,87
7304,student_7304,64,91
7305,student_7305,91,72
7306,student_7306,52,61
7307,student_7307,83,78
7308,student_7308,62,75
7309,student_7309,90,64
7310,student_7310,70,92
7311,student_7311,53,66
7312,student_7312,77,58
7313,student_7313,96,91
7314,student_7314,52,96
7315,student_7315,50,65
7316,student_7316,50,66
7317,student_7317,84,76
7318,student_7318,75,73
7319,student_7319,93,88
7320,student_7320,93,82
7321,student_7321,83,88
7322,student_7322,97,59
7323,student_7323,81,83
7324,student_7324,81,55
7325,student_7325,92,54
7326,student_7326,85,83
7327,student_7327,93,60
7328,student_7328,82,94
7329,student_7329,83,98
7330,student_7330,65,74
7331,student_7331,100,94
7332,student_7332,88,67
7333,student_7333,88,98
7334,student_7334,57,100
7335,student_7335,57,96
7336,student_7336,93,86
7337,student_7337,69,74
7338,student_7338,52,93
7339,student_7339,68,99
7340,student_7340,81,65
7341,student_7341,72,95
7342,student_7342,92,54
7343,student_7343,84,70
7344,student_7344,81,74
7345,student_7345,83,57
7346,student_7346,66,79
7347,student_7347,85,67
7348,student_7348,66,79
7349,student_7349,63,51
7350,student_7350,99,77
7351,student_7351,53,88
7352,student_7352,57,52
7353,student_7353,99,84
7354,student_7354,82,76
7355,student_7355,91,85
7356,student_7356,79,60
7357,student_7357,79,61
7358,student_7358,63,88
7359,student_7359,78,73
7360,student_7360,91,86
7361,student_7361,82,53
7362,student_7362,74,83
7363,student_7363,80,69
7364,student_7364,67,87
7365,student_7365,53,68
7366,student_7366,53,78
7367,student_7367,84,76
7368,student_7368,82,51
7369,student_7369,58,63
7370,student_7370,55,88
7371,student_7371,52,59
7372,student_7372,98,81
7373,student_7373,65,96
7374,student_7374,81,59
7375,student_7375,69,78
7376,student_7376,90,100
7377,student_7377,95,84
7378,student_7378,95,100
7379,student_7379,68,79
7380,student_7380,77,62
7381,student_7381,61,51
7382,student_7382,94,61
7383,student_7383,79,52
7384,student_7384,53,98
7385,student_7385,62,75
7386,student_7386,73,91
7387,student_7387,81,59
7388,student_7388,79,72
7389,student_7389,100,73
7390,student_7390,93,62
7391,student_7391,73,69
7392,student_7392,56,56
7393,student_7393,65,91
7394,student_7394,74,99
7395,student_7395,83,66
7396,student_7396,84,76
7397,student_7397,90,70
7398,student_7398,61,66
7399,student_7399,78,98
7400,student_7400,100,74
7401,student_7401,52,87
7402,student_7402,88,63
7403,student_7403,57,51
7404,student_7404,90,88
7405,student_7405,73,56
7406,student_7406,62,60
7407,student_7407,94,65
7408,student_7408,63,86
7409,student_7409,96,95
7410,student_7410,52,76
7411,student_7411,83,68
7412,student_7412,72,89
7413,student_7413,64,97
7414,student_7414,78,76
7415,student_7415,63,55
7416,student_7416,89,83
7417,student_7417,58,98
7418,student_7418,70,78
7419,student_7419,81,56
7420,student_7420,80,57
7421,student_7421,60,100
7422,student_7422,63,88
7423,student_7423,98,51
7424,student_7424,90,99
7425,student_7425,98,60
7426,student_7426,88,63
7427,student_7427,98,62
7428,student_7428,82,93
7429,student_7429,93,88
7430,student_7430,56,70
7431,student_7431,96,56
7432,student_7432,73,88
7433,student_7433,93,67
7434,student_7434,69,51
7435,student_7435,52,56
7436,student_7436,69,66
7437,student_7437,96,90
7438,student_7438,69,91
7439,student_7439,63,65
7440,student_7440,70,74
7441,student_7441,58,78
7442,student_7442,51,84
7443,student_7443,88,56
7444,student_7444,60,80
7445,student_7445,63,85
7446,student_7446,90,87
7447,student_7447,54,53
7448,student_7448,97,58
7449,student_7449,93,57
7450,student_7450,94,68
7451,student_7451,77,76
7452,student_7452,73,90
7453,student_7453,69,89
7454,student_7454,51,75
7455,student_7455,76,67
7456,student_7456,90,99
7457,student_7457,66,52
7458,student_7458,55,69
7459,student_7459,81,62
7460,student_7460,91,71
7461,student_7461,68,82
7462,student_7462,63,75
7463,student_7463,90,71
7464,student_7464,84,58
7465,student_7465,80,78
7466,student_7466,61,53
7467,student_7467,61,99
7468,student_7468,72,69
7469,student_7469,97,89
7470,student_7470,78,90
7471,student_7471,70,84
7472,student_7472,77,86
7473,student_7473,85,88
7474,student_7474,70,56
7475,student_7475,99,57
7476,student_7476,82,76
7477,student_7477,72,56
7478,student_7478,88,85
7479,student_7479,52,87
7480,student_7480,93,59
7481,student_7481,66,78
7482,student_7482,63,90
7483,student_7483,99,64
7484,student_7484,89,87
7485,student_7485,87,91
7486,student_7486,56,52
7487,student_7487,88,76
7488,student_7488,74,67
7489,student_7489,63,72
7490,student_7490,81,61
7491,student_7491,77,88
7492,student_7492,59,82
7493,student_7493,78,61
7494,student_7494,99,57
7495,student_7495,74,81
7496,student_7496,80,85
7497,student_7497,97,73
7498,student_7498,60,61
7499,student_7499,65,93
7500,student_7500,79,63
7501,student_7501,72,74
7502,student_7502,83,82
7503,student_7503,54,66
7504,student_7504,58,98
7505,student_7505,93,63
7506,student_7506,73,84
7507,student_7507,97,53
7508,student_7508,74,53
7509,student_7509,90,98
7510,student_7510,88,95
7511,student_7511,52,50
7512,student_7512,74,95
7513,student_7513,55,54
7514,student_7514,62,59
7515,student_7515,86,87
7516,student_7516,81,56
7517,student_7517,54,100
7518,student_7518,68,56
7519,student_7519,62,65
7520,student_7520,51,75
7521,student_7521,87,67
7522,student_7522,63,87
7523,student_7523,66,62
7524,student_7524,91,85
7525,student_7525,62,82
7526,student_7526,53,66
7527,student_7527,64,66
7528,student_7528,65,96
7529,student_7529,59,67
7530,student_7530,55,55
7531,student_7531,65,68
7532,student_7532,57,56
7533,student_7533,87,79
7534,student_7534,66,64
7535,student_7535,68,88
7536,student_7536,54,54
7537,student_7537,73,64
7538,student_7538,57,65
7539,student_7539,90,75
7540,student_7540,93,79
7541,student_7541,63,52
7542,student_7542,98,70
7543,student_7543,84,84
7544,student_7544,54,83
7545,student_7545,74,98
7546,student_7546,94,93
7547,student_7547,70,91
7548,student_7548,61,91
7549,student_7549,54,83
7550,student_7550,54,56
7551,student_7551,93,96
7552,student_7552,79,96
7553,student_7553,55,92
7554,student_7554,93,60
7555,student_7555,51,86
7556,student_7556,80,76
7557,student_7557,69,62
7558,student_7558,66,90
7559,student_7559,58,57
7560,student_7560,71,59
7561,student_7561,78,66
7562,student_7562,54,51
7563,student_7563,66,70
7564,student_7564,78,81
7565,student_7565,83,55
7566,student_7566,75,96
7567,student_7567,86,53
7568,student_7568,71,85
7569,student_7569,82,71
7570,student_7570,86,94
7571,student_7571,86,81
7572,student_7572,54,56
7573,student_7573,86,66
7574,student_7574,99,53
7575,student_7575,85,54
7576,student_7576,60,52
7577,student_7577,82,70
7578,student_7578,51,80
7579,student_7579,87,76
7580,student_7580,64,56
7581,student_7581,54,83
7582,student_7582,78,92
7583,student_7583,87,51
7584,student_7584,71,87
7585,student_7585,69,71
7586,student_7586,84,78
7587,student_7587,73,71
7588,student_7588,81,99
7589,student_7589,67,70
7590,student_7590,63,53
7591,student_7591,98,68
7592,student_7592,50,58
7593,student_7593,78,83
7594,student_7594,71,52
7595,student_7595,73,99
7596,student_7596,63,79
7597,student_7597,76,90
7598,student_7598,56,85
7599,student_7599,59,91
7600,student_7600,81,65
7601,student_7601,73,75
7602,student_7602,75,93
7603,student_7603,74,98
7604,student_7604,90,68
7605,student_7605,77,95
7606,student_7606,56,85
7607,student_7607,78,83
7608,student_7608,68,76
7609,student_7609,56,56
7610,student_7610,80,84
7611,student_7611,94,65
7612,student_7612,62,76
7613,student_7613,61,73
7614,student_7614,76,86
7615,student_7615,81,60
7616,student_7616,72,98
7617,student_7617,80,100
7618,student_7618,60,89
7619,student_7619,55,70
7620,student_7620,76,91
7621,student_7621,50,74
7622,student_7622,76,91
7623,student_7623,77,70
7624,student_7624,72,70
7625,student_7625,98,92
7626,student_7626,91,81
7627,student_7627,93,74
7628,student_7628,87,56
7629,student_7629,58,85
7630,student_7630,95,73
7631,student_7631,53,69
7632,student_7632,92,72
7633,student_7633,59,78
7634,student_7634,57,61
7635,student_7635,81,62
7636,student_7636,91,78
7637,student_7637,69,94
7638,student_7638,54,85
7639,student_7639,80,50
7640,student_7640,59,67
7641,student_7641,91,65
7642,student_7642,60,100
7643,student_7643,71,66
7644,student_7644,95,52
7645,student_7645,58,82
7646,student_7646,64,55
7647,student_7647,94,89
7648,student_7648,86,85
7649,student_7649,77,51
7650,student_7650,62,70
7651,student_7651,71,61
7652,student_7652,91,94
7653,student_7653,99,67
7654,student_7654,80,61
7655,student_7655,66,90
7656,student_7656,96,66
7657,student_7657,54,80
7658,student_7658,78,93
7659,student_7659,62,51
7660,student_7660,97,60
7661,student_7661,84,91
7662,student_7662,86,54
7663,student_7663,76,94
7664,student_7664,97,60
7665,student_7665,57,56
7666,student_7666,73,80
7667,student_7667,86,87
7668,student_7668,70,79
7669,student_7669,71,99
7670,student_7670,51,51
7671,student_7671,99,87
7672,student_7672,72,81
7673,student_7673,82,56
7674,student_7674,92,55
7675,student_7675,89,63
7676,student_7676,83,94
7677,student_7677,66,50
7678,student_7678,63,56
7679,student_7679,70,58
7680,student_7680,55,50
7681,student_7681,67,64
7682,student_7682,61,90
7683,student_7683,98,100
7684,student_7684,77,70
7685,student_7685,91,80
7686,student_7686,65,99
7687,student_7687,70,88
7688,student_7688,99,65
7689,student_7689,50,72
7690,student_7690,50,77
7691,student_7691,51,91
7692,student_7692,77,95
7693,student_7693,95,54
7694,student_7694,75,59
7695,student_7695,86,62
7696,student_7696,70,90
7697,student_7697,68,50
7698,student_7698,91,65
7699,student_7699,96,52
7700,student_7700,61,82
7701,student_7701,68,99
7702,student_7702,95,55
7703,student_7703,72,61
7704,student_7704,72,94
7705,student_7705,87,58
7706,student_7706,97,92
7707,student_7707,60,78
7708,student_7708,75,94
7709,student_7709,88,77
7710,student_7710,59,94
7711,student_7711,71,55
7712,student_7712,51,65
7713,student_7713,94,68
7714,student_7714,59,90
7715,student_7715,79,97
7716,student_7716,90,93
7717,student_7717,69,95
7718,student_7718,57,56
7719,student_7719,79,81
7720,student_7720,98,74
7721,student_7721,77,70
7722,student_7722,53,52
7723,student_7723,53,63
7724,student_7724,98,64
7725,student_7725,93,69
7726,student_7726,52,67
7727,student_7727,61,62
7728,student_7728,74,82
7729,student_7729,98,67
7730,student_7730,98,96
7731,student_7731,59,94
7732,student_7732,85,93
7733,student_7733,99,55
7734,student_7734,76,90
7735,student_7735,96,100
7736,student_7736,98,85
7737,student_7737,64,66
7738,student_7738,93,60
7739,student_7739,94,77
7740,student_7740,56,64
7741,student_7741,87,66
7742,student_7742,77,68
7743,student_7743,98,92
7744,student_7744,84,56
7745,student_7745,59,66
7746,student_7746,70,55
7747,student_7747,77,55
7748,student_7748,67,59
7749,student_7749,86,77
7750,student_7750,76,94
7751,student_7751,98,52
7752,student_7752,67,62
7753,student_7753,75,60
7754,student_7754,90,72
7755,student_7755,71,55
7756,student_7756,82,69
7757,student_7757,85,69
7758,student_7758,96,89
7759,student_7759,86,61
7760,student_7760,55,88
7761,student_7761,70,91
7762,student_7762,88,68
7763,student_7763,55,81
7764,student_7764,64,86
7765,student_7765,56,75
7766,student_7766,59,91
7767,student_7767,76,64
7768,student_7768,61,71
7769,student_7769,98,83
7770,student_7770,100,92
7771,student_7771,57,86
7772,student_7772,57,95
7773,student_7773,63,59
7774,student_7774,74,63
7775,student_7775,99,75
7776,student_7776,78,75
7777,student_7777,89,73
7778,student_7778,71,62
7779,student_7779,81,83
7780,student_7780,76,98
7781,student_7781,76,77
7782,student_7782,94,74
7783,student_7783,78,71
7784,student_7784,74,68
7785,student_7785,92,62
7786,student_7786,59,98
7787,student_7787,75,80
7788,student_7788,58,58
7789,student_7789,98,76
7790,student_7790,85,63
7791,student_7791,63,79
7792,student_7792,75,76
7793,student_7793,84,80
7794,student_7794,51,57
7795,student_7795,87,83
7796,student_7796,94,64
7797,student_7797,97,68
7798,student_7798,72,72
7799,student_7799,85,50
7800,student_7800,74,50
7801,student_7801,55,60
7802,student_7802,82,60
7803,student_7803,66,51
7804,student_7804,99,70
7805,student_7805,72,69
7806,student_7806,59,94
7807,student_7807,53,51
7808,student_7808,78,91
7809,student_7809,57,93
7810,student_7810,69,88
7811,student_7811,63,66
7812,student_7812,57,74
7813,student_7813,67,86
7814,student_7814,93,75
7815,student_7815,51,96
7816,student_7816,62,54
7817,student_7817,56,73
7818,student_7818,63,82
7819,student_7819,65,66
7820,student_7820,83,59
7821,student_7821,68,82
7822,student_7822,65,88
7823,student_7823,59,58
7824,student_7824,93,77
7825,student_7825,98,74
7826,student_7826,57,67
7827,student_7827,82,70
7828,student_7828,77,83
7829,student_7829,84,84
7830,student_7830,52,54
7831,student_7831,72,51
7832,student_7832,82,80
7833,student_7833,87,82
7834,student_7834,91,64
7835,student_7835,59,90
7836,student_7836,69,64
7837,student_7837,62,81
7838,student_7838,76,80
7839,student_7839,70,55
7840,student_7840,57,55
7841,student_7841,85,75
7842,student_7842,56,53
7843,student_7843,65,51
7844,student_7844,51,58
7845,student_7845,72,62
7846,student_7846,78,66
7847,student_7847,92,93
7848,student_7848,59,52
7849,student_7849,85,100
7850,student_7850,51,62
7851,student_7851,89,83
7852,student_7852,61,81
7853,student_7853,74,95
7854,student_7854,69,50
7855,student_7855,51,98
7856,student_7856,85,51
7857,student_7857,90,75
7858,student_7858,74,60
7859,student_7859,55,70
7860,student_7860,95,90
7861,student_7861,86,87
7862,student_7862,97,59
7863,student_7863,91,51
7864,student_7864,87,57
7865,student_7865,90,75
7866,student_7866,75,66
7867,student_7867,82,82
7868,student_7868,87,85
7869,student_7869,96,62
7870,student_7870,82,57
7871,student_7871,82,64
7872,student_7872,77,56
7873,student_7873,100,75
7874,student_7874,86,78
7875,student_7875,94,51
7876,student_7876,77,67
7877,student_7877,72,64
7878,student_7878,68,79
7879,student_7879,54,74
7880,student_7880,69,64
7881,student_7881,53,50
7882,student_7882,55,93
7883,student_7883,75,62
7884,student_7884,54,95
7885,student_7885,60,71
7886,student_7886,57,57
7887,student_7887,59,67
7888,student_7888,89,72
7889,student_7889,86,52
7890,student_7890,71,85
7891,student_7891,100,69
7892,student_7892,95,82
7893,student_7893,88,73
7894,student_7894,66,76
7895,student_7895,51,77
7896,student_7896,85,56
7897,student_7897,100,53
7898,student_7898,57,77
7899,student_7899,54,100
7900,student_7900,98,58
7901,student_7901,90,90
7902,student_7902,64,66
7903,student_7903,76,53
7904,student_7904,70,91
7905,student_7905,99,71
7906,student_7906,59,93
7907,student_7907,73,59
7908,student_7908,71,59
7909,student_7909,75,51
7910,student_7910,62,97
7911,student_7911,79,92
7912,student_7912,98,98
7913,student_7913,59,50
7914,student_7914,86,51
7915,student_7915,72,81
7916,student_7916,97,72
7917,student_7917,93,57
7918,student_7918,50,61
7919,student_7919,62,84
7920,student_7920,77,97
7921,student_7921,66,82
7922,student_7922,82,64
7923,student_7923,67,90
7924,student_7924,55,72
7925,student_7925,73,81
7926,student_7926,76,57
7927,student_7927,56,87
7928,student_7928,59,100
7929,student_7929,64,85
7930,student_7930,95,84
7931,student_7931,80,80
7932,student_7932,90,53
7933,student_7933,71,54
7934,student_7934,54,84
7935,student_7935,55,89
7936,student_7936,84,69
7937,student_7937,62,56
7938,student_7938,99,71
7939,student_7939,81,82
7940,student_7940,84,87
7941,student_7941,58,67
7942,student_7942,76,75
7943,student_7943,56,94
7944,student_7944,76,63
7945,student_7945,70,50
7946,student_7946,74,55
7947,student_7947,69,88
7948,student_7948,70,96
7949,student_7949,78,72
7950,student_7950,74,83
7951,student_7951,55,64
7952,student_7952,51,84
7953,student_7953,86,63
7954,student_7954,66,56
7955,student_7955,57,69
7956,student_7956,81,70
7957,student_7957,93,85
7958,student_7958,77,72
7959,student_7959,65,57
7960,student_7960,73,62
7961,student_7961,72,67
7962,student_7962,77,70
7963,student_7963,84,87
7964,student_7964,73,89
7965,student_7965,89,70
7966,student_7966,93,81
7967,student_7967,58,60
7968,student_7968,59,71
7969,student_7969,74,87
7970,student_7970,81,72
7971,student_7971,87,50
7972,student_7972,100,52
7973,student_7973,71,71
7974,student_7974,55,65
7975,student_7975,72,97
7976,student_7976,73,61
7977,student_7977,50,80
7978,student_7978,60,61
7979,student_7979,68,76
7980,student_7980,83,76
7981,student_7981,93,84
7982,student_7982,89,76
7983,student_7983,58,61
7984,student_7984,72,87
7985,student_7985,90,96
7986,student_7986,77,57
7987,student_7987,83,94
7988,student_7988,86,89
7989,student_7989,85,82
7990,student_7990,96,68
7991,student_7991,63,94
7992,student_7992,83,84
7993,student_7993,93,51
7994,student_7994,61,100
7995,student_7995,85,61
7996,student_7996,86,83
7997,student_7997,53,64
7998,student_7998,58,65
7999,student_7999,87,65
8000,student_8000,81,95
8001,student_8001,92,95
8002,student_8002,51,88
8003,student_8003,73,55
8004,student_8004,61,59
8005,student_8005,51,62
8006,student_8006,98,53
8007,student_8007,57,81
8008,student_8008,93,76
8009,student_8009,93,97
8010,student_8010,90,83
8011,student_8011,92,79
8012,student_8012,65,64
8013,student_8013,58,79
8014,student_8014,55,92
8015,student_8015,74,97
8016,student_8016,78,100
8017,student_8017,96,53
8018,student_8018,83,75
8019,student_8019,52,64
8020,student_8020,59,93
8021,student_8021,66,80
8022,student_8022,59,74
8023,student_8023,52,74
8024,student_8024,65,86
8025,student_8025,87,60
8026,student_8026,95,79
8027,student_8027,84,62
8028,student_8028,95,81
8029,student_8029,85,88
8030,student_8030,80,66
8031,student_8031,81,92
8032,student_8032,76,57
8033,student_8033,88,62
8034,student_8034,76,72
8035,student_8035,94,96
8036,student_8036,64,95
8037,student_8037,84,91
8038,student_8038,92,80
8039,student_8039,53,58
8040,student_8040,90,81
8041,student_8041,77,92
8042,student_8042,90,57
8043,student_8043,75,78
8044,student_8044,85,97
8045,student_8045,75,62
8046,student_8046,68,83
8047,student_8047,100,89
8048,student_8048,95,98
8049,student_8049,100,86
8050,student_8050,77,69
8051,student_8051,83,62
8052,student_8052,96,92
8053,student_8053,57,58
8054,student_8054,84,51
8055,student_8055,70,76
8056,student_8056,76,63
8057,student_8057,97,100
8058,student_8058,63,53
8059,student_8059,76,83
8060,student_8060,73,86
8061,student_8061,74,69
8062,student_8062,100,82
8063,student_8063,75,78
8064,student_8064,83,88
8065,student_8065,92,62
8066,student_8066,73,94
8067,student_8067,84,51
8068,student_8068,54,81
8069,student_8069,68,56
8070,student_8070,79,76
8071,student_8071,58,53
8072,student_8072,88,76
8073,student_8073,69,50
8074,student_8074,53,68
8075,student_8075,96,55
8076,student_8076,54,85
8077,student_8077,61,65
8078,student_8078,98,52
8079,student_8079,94,73
8080,student_8080,77,63
8081,student_8081,54,53
8082,student_8082,84,54
8083,student_8083,79,91
8084,student_8084,53,60
8085,student_8085,56,73
8086,student_8086,92,95
8087,student_8087,61,77
8088,student_8088,57,64
8089,student_8089,75,51
8090,student_8090,96,87
8091,student_8091,89,96
8092,student_8092,78,57
8093,student_8093,61,100
8094,student_8094,74,67
8095,student_8095,70,98
8096,student_8096,79,59
8097,student_8097,83,57
8098,student_8098,60,78
8099,student_8099,95,58
8100,student_8100,73,50
8101,student_8101,87,59
8102,student_8102,80,91
8103,student_8103,57,61
8104,student_8104,67,91
8105,student_8105,85,66
8106,student_8106,73,99
8107,student_8107,60,50
8108,student_8108,70,83
8109,student_8109,85,50
8110,student_8110,80,55
8111,student_8111,99,84
8112,student_8112,75,75
8113,student_8113,90,90
8114,student_8114,88,86
8115,student_8115,72,91
8116,student_8116,96,84
8117,student_8117,79,56
8118,student_8118,81,85
8119,student_8119,89,86
8120,student_8120,59,82
8121,student_8121,70,56
8122,student_8122,94,99
8123,student_8123,84,50
8124,student_8124,72,76
8125,student_8125,98,68
8126,student_8126,56,63
8127,student_8127,62,96
8128,student_8128,80,60
8129,student_8129,67,74
8130,student_8130,97,100
8131,student_8131,55,58
8132,student_8132,67,89
8133,student_8133,83,50
8134,student_8134,53,65
8135,student_8135,69,100
8136,student_8136,56,83
8137,student_8137,85,70
8138,student_8138,75,95
8139,student_8139,78,83
8140,student_8140,67,95
8141,student_8141,74,53
8142,student_8142,63,70
8143,student_8143,87,66
8144,student_8144,61,75
8145,student_8145,72,69
8146,student_8146,94,71
8147,student_8147,64,50
8148,student_8148,93,97
8149,student_8149,99,70
8150,student_8150,62,66
8151,student_8151,70,97
8152,student_8152,84,69
8153,student_8153,99,99
8154,student_8154,51,79
8155,student_8155,93,71
8156,student_8156,69,70
8157,student_8157,78,61
8158,student_8158,76,69
8159,student_8159,57,60
8160,student_8160,66,71
8161,student_8161,58,51
8162,student_8162,50,95
8163,student_8163,97,97
8164,student_8164,94,82
8165,student_8165,76,59
8166,student_8166,97,95
8167,student_8167,64,62
8168,student_8168,69,87
8169,student_8169,55,59
8170,student_8170,94,75
8171,student_8171,69,97
8172,student_8172,53,60
8173,student_8173,92,65
8174,student_8174,97,80
8175,student_8175,86,85
8176,student_8176,58,63
8177,student_8177,51,94
8178,student_8178,91,64
8179,student_8179,59,95
8180,student_8180,98,55
8181,student_8181,74,64
8182,student_8182,78,72
8183,student_8183,68,59
8184,student_8184,96,84
8185,student_8185,92,55
8186,student_8186,100,65
8187,student_8187,89,88
8188,student_8188,59,74
8189,student_8189,95,62
8190,student_8190,93,53
8191,student_8191,96,53
8192,student_8192,74,81
8193,student_8193,77,74
8194,student_8194,92,92
8195,student_8195,60,63
8196,student_8196,61,53
8197,student_8197,94,98
8198,student_8198,55,50
8199,student_8199,79,88
8200,student_8200,50,83
8201,student_8201,67,85
8202,student_8202,83,61
8203,student_8203,90,72
8204,student_8204,94,59
8205,student_8205,59,74
8206,student_8206,53,81
8207,student_8207,57,81
8208,student_8208,55,74
8209,student_8209,52,98
8210,student_8210,56,99
8211,student_8211,80,78
8212,student_8212,75,96
8213,student_8213,78,60
8214,student_8214,95,94
8215,student_8215,67,60
8216,student_8216,57,95
8217,student_8217,65,98
8218,student_8218,97,94
8219,student_8219,59,88
8220,student_8220,87,54
8221,student_8221,54,77
8222,student_8222,67,64
8223,student_8223,94,63
8224,student_8224,91,51
8225,student_8225,62,63
8226,student_8226,59,90
8227,student_8227,71,84
8228,student_8228,82,70
8229,student_8229,94,54
8230,student_8230,87,83
8231,student_8231,60,95
8232,student_8232,73,69
8233,student_8233,51,56
8234,student_8234,94,75
8235,student_8235,77,57
8236,student_8236,75,59
8237,student_8237,61,69
8238,student_8238,64,63
8239,student_8239,84,79
8240,student_8240,88,52
8241,student_8241,92,70
8242,student_8242,98,51
8243,student_8243,74,53
8244,student_8244,53,89
8245,student_8245,56,71
8246,student_8246,78,96
8247,student_8247,58,75
8248,student_8248,71,98
8249,student_8249,79,61
8250,student_8250,85,90
8251,student_8251,56,71
8252,student_8252,80,64
8253,student_8253,64,79
8254,student_8254,91,85
8255,student_8255,64,69
8256,student_8256,67,96
8257,student_8257,70,65
8258,student_8258,72,60
8259,student_8259,93,90
8260,student_8260,50,88
8261,student_8261,70,86
8262,student_8262,67,67
8263,student_8263,83,54
8264,student_8264,67,88
8265,student_8265,80,54
8266,student_8266,91,98
8267,student_8267,73,51
8268,student_8268,61,78
8269,student_8269,94,71
8270,student_8270,70,84
8271,student_8271,86,98
8272,student_8272,81,79
8273,student_8273,93,75
8274,student_8274,65,78
8275,student_8275,80,76
8276,student_8276,91,71
8277,student_8277,73,59
8278,student_8278,93,62
8279,student_8279,76,96
8280,student_8280,70,95
8281,student_8281,50,93
8282,student_8282,75,59
8283,student_8283,71,85
8284,student_8284,56,51
8285,student_8285,75,72
8286,student_8286,56,81
8287,student_8287,89,53
8288,student_8288,90,78
8289,student_8289,97,63
8290,student_8290,83,57
8291,student_8291,78,50
8292,student_8292,71,62
8293,student_8293,68,94
8294,student_8294,100,54
8295,student_8295,89,78
8296,student_8296,86,53
8297,student_8297,89,68
8298,student_8298,92,57
8299,student_8299,76,96
8300,student_8300,53,81
8301,student_8301,94,86
8302,student_8302,90,90
8303,student_8303,93,88
8304,student_8304,87,84
8305,student_8305,59,66
8306,student_8306,71,97
8307,student_8307,78,94
8308,student_8308,67,59
8309,student_8309,54,95
8310,student_8310,70,56
8311,student_8311,62,63
8312,student_8312,67,57
8313,student_8313,80,50
8314,student_8314,62,90
8315,student_8315,86,98
8316,student_8316,83,92
8317,student_8317,83,56
8318,student_8318,79,57
8319,student_8319,83,79
8320,student_8320,72,66
8321,student_8321,50,93
8322,student_8322,69,79
8323,student_8323,69,63
8324,student_8324,61,78
8325,student_8325,56,93
8326,student_8326,92,98
8327,student_8327,77,99
8328,student_8328,58,55
8329,student_8329,68,87
8330,student_8330,100,61
8331,student_8331,91,74
8332,student_8332,53,60
8333,student_8333,68,78
8334,student_8334,100,63
8335,student_8335,54,51
8336,student_8336,71,87
8337,student_8337,64,79
8338,student_8338,54,87
8339,student_8339,60,87
8340,student_8340,79,83
8341,student_8341,64,75
8342,student_8342,53,89
8343,student_8343,61,63
8344,student_8344,79,55
8345,student_8345,71,59
8346,student_8346,86,96
8347,student_8347,98,56
8348,student_8348,97,76
8349,student_8349,83,91
8350,student_8350,60,86
8351,student_8351,67,78
8352,student_8352,76,94
8353,student_8353,59,76
8354,student_8354,67,56
8355,student_8355,64,61
8356,student_8356,93,60
8357,student_8357,96,65
8358,student_8358,70,55
8359,student_8359,96,57
8360,student_8360,75,74
8361,student_8361,73,53
8362,student_8362,93,90
8363,student_8363,58,72
8364,student_8364,59,65
8365,student_8365,67,95
8366,student_8366,65,61
8367,student_8367,81,63
8368,student_8368,50,56
8369,student_8369,62,54
8370,student_8370,61,73
8371,student_8371,52,85
8372,student_8372,87,60
8373,student_8373,59,98
8374,student_8374,94,71
8375,student_8375,51,80
8376,student_8376,92,80
8377,student_8377,98,51
8378,student_8378,57,78
8379,student_8379,61,52
8380,student_8380,74,71
8381,student_8381,92,88
8382,student_8382,91,69
8383,student_8383,67,72
8384,student_8384,99,99
8385,student_8385,62,58
8386,student_8386,59,74
8387,student_8387,52,92
8388,student_8388,76,86
8389,student_8389,53,56
8390,student_8390,64,80
8391,student_8391,57,69
8392,student_8392,55,64
8393,student_8393,51,51
8394,student_8394,51,57
8395,student_8395,86,98
8396,student_8396,97,94
8397,student_8397,65,87
8398,student_8398,66,57
8399,student_8399,57,65
8400,student_8400,67,61
8401,student_8401,86,63
8402,student_8402,92,89
8403,student_8403,99,98
8404,student_8404,85,51
8405,student_8405,59,88
8406,student_8406,79,78
8407,student_8407,74,62
8408,student_8408,64,76
8409,student_8409,95,54
8410,student_8410,68,65
8411,student_8411,90,76
8412,student_8412,78,93
8413,student_8413,51,81
8414,student_8414,55,85
8415,student_8415,53,97
8416,student_8416,54,91
8417,student_8417,50,77
8418,student_8418,55,87
8419,student_8419,73,92
8420,student_8420,62,72
8421,student_8421,68,83
8422,student_8422,57,73
8423,student_8423,59,59
8424,student_8424,64,60
8425,student_8425,98,63
8426,student_8426,51,82
8427,student_8427,68,99
8428,student_8428,72,68
8429,student_8429,77,97
8430,student_8430,63,85
8431,student_8431,93,71
8432,student_8432,66,52
8433,student_8433,98,67
8434,student_8434,61,97
8435,student_8435,97,61
8436,student_8436,62,94
8437,student_8437,83,97
8438,student_8438,76,66
8439,student_8439,85,56
8440,student_8440,81,96
8441,student_8441,50,67
8442,student_8442,95,52
8443,student_8443,96,86
8444,student_8444,59,54
8445,student_8445,82,77
8446,student_8446,77,86
8447,student_8447,62,52
8448,student_8448,69,69
8449,student_8449,69,64
8450,student_8450,88,84
8451,student_8451,72,87
8452,student_8452,73,55
8453,student_8453,65,63
8454,student_8454,66,92
8455,student_8455,82,84
8456,student_8456,83,80
8457,student_8457,65,90
8458,student_8458,87,56
8459,student_8459,63,72
8460,student_8460,73,91
8461,student_8461,89,62
8462,student_8462,95,54
8463,student_8463,59,100
8464,student_8464,80,74
8465,student_8465,73,97
8466,student_8466,71,70
8467,student_8467,63,91
8468,student_8468,73,96
8469,student_8469,68,94
8470,student_8470,62,94
8471,student_8471,100,64
8472,student_8472,68,84
8473,student_8473,83,84
8474,student_8474,73,55
8475,student_8475,83,80
8476,student_8476,93,73
8477,student_8477,62,96
8478,student_8478,97,55
8479,student_8479,100,71
8480,student_8480,53,66
8481,student_8481,72,91
8482,student_8482,60,88
8483,student_8483,83,54
8484,student_8484,55,85
8485,student_8485,90,60
8486,student_8486,61,53
8487,student_8487,66,73
8488,student_8488,89,74
8489,student_8489,92,74
8490,student_8490,53,75
8491,student_8491,80,86
8492,student_8492,52,93
8493,student_8493,88,52
8494,student_8494,100,72
8495,student_8495,76,68
8496,student_8496,61,73
8497,student_8497,89,92
8498,student_8498,72,75
8499,student_8499,87,88
8500,student_8500,71,91
8501,student_8501,53,71
8502,student_8502,64,96
8503,student_8503,68,83
8504,student_8504,80,93
8505,student_8505,51,57
8506,student_8506,81,79
8507,student_8507,76,60
8508,student_8508,54,69
8509,student_8509,98,88
8510,student_8510,63,96
8511,student_8511,69,81
8512,student_8512,97,95
8513,student_8513,55,80
8514,student_8514,90,83
8515,student_8515,99,90
8516,student_8516,81,76
8517,student_8517,69,53
8518,student_8518,73,55
8519,student_8519,69,99
8520,student_8520,60,75
8521,student_8521,89,52
8522,student_8522,70,95
8523,student_8523,75,67
8524,student_8524,93,81
8525,student_8525,75,84
8526,student_8526,57,95
8527,student_8527,92,64
8528,student_8528,99,61
8529,student_8529,73,93
8530,student_8530,52,62
8531,student_8531,65,89
8532,student_8532,54,54
8533,student_8533,68,78
8534,student_8534,79,75
8535,student_8535,73,76
8536,student_8536,63,76
8537,student_8537,57,62
8538,student_8538,50,57
8539,student_8539,98,98
8540,student_8540,83,82
8541,student_8541,90,76
8542,student_8542,64,69
8543,student_8543,71,96
8544,student_8544,63,87
8545,student_8545,55,60
8546,student_8546,58,73
8547,student_8547,89,75
8548,student_8548,57,100
8549,student_8549,93,60
8550,student_8550,93,93
8551,student_8551,70,77
8552,student_8552,76,94
8553,student_8553,93,63
8554,student_8554,50,88
8555,student_8555,68,67
8556,student_8556,82,98
8557,student_8557,68,90
8558,student_8558,66,55
8559,student_8559,51,71
8560,student_8560,82,76
8561,student_8561,94,69
8562,student_8562,94,99
8563,student_8563,98,69
8564,student_8564,50,67
8565,student_8565,59,75
8566,student_8566,89,88
8567,student_8567,78,62
8568,student_8568,80,92
8569,student_8569,68,71
8570,student_8570,63,70
8571,student_8571,74,70
8572,student_8572,93,100
8573,student_8573,79,72
8574,student_8574,99,58
8575,student_8575,56,62
8576,student_8576,65,53
8577,student_8577,82,96
8578,student_8578,95,87
8579,student_8579,80,87
8580,student_8580,68,76
8581,student_8581,76,56
8582,student_8582,94,98
8583,student_8583,74,79
8584,student_8584,56,63
8585,student_8585,80,72
8586,student_8586,79,59
8587,student_8587,90,77
8588,student_8588,67,70
8589,student_8589,76,95
8590,student_8590,86,72
8591,student_8591,73,57
8592,student_8592,87,100
8593,student_8593,60,85
8594,student_8594,84,75
8595,student_8595,67,77
8596,student_8596,60,75
8597,student_8597,68,100
8598,student_8598,64,76
8599,student_8599,50,59
8600,student_8600,67,65
8601,student_8601,83,90
8602,student_8602,72,64
8603,student_8603,80,64
8604,student_8604,76,62
8605,student_8605,85,82
8606,student_8606,97,66
8607,student_8607,53,90
8608,student_8608,86,75
8609,student_8609,91,58
8610,student_8610,66,95
8611,student_8611,93,70
8612,student_8612,70,56
8613,student_8613,76,86
8614,student_8614,86,82
8615,student_8615,73,62
8616,student_8616,93,82
8617,student_8617,92,91
8618,student_8618,78,80
8619,student_8619,50,53
8620,student_8620,73,66
8621,student_8621,54,100
8622,student_8622,60,52
8623,student_8623,50,88
8624,student_8624,55,94
8625,student_8625,65,57
8626,student_8626,83,85
8627,student_8627,66,87
8628,student_8628,62,84
8629,student_8629,92,65
8630,student_8630,91,53
8631,student_8631,75,91
8632,student_8632,96,84
8633,student_8633,94,94
8634,student_8634,92,79
8635,student_8635,95,100
8636,student_8636,99,95
8637,student_8637,92,89
8638,student_8638,98,66
8639,student_8639,100,61
8640,student_8640,95,63
8641,student_8641,54,91
8642,student_8642,53,72
8643,student_8643,98,77
8644,student_8644,91,58
8645,student_8645,81,88
8646,student_8646,61,62
8647,student_8647,86,60
8648,student_8648,53,51
8649,student_8649,69,80
8650,student_8650,50,76
8651,student_8651,62,69
8652,student_8652,88,55
8653,student_8653,77,79
8654,student_8654,76,73
8655,student_8655,96,96
8656,student_8656,99,66
8657,student_8657,65,51
8658,student_8658,67,95
8659,student_8659,90,50
8660,student_8660,84,71
8661,student_8661,69,99
8662,student_8662,50,84
8663,student_8663,98,88
8664,student_8664,99,75
8665,student_8665,69,84
8666,student_8666,64,92
8667,student_8667,79,67
8668,student_8668,86,74
8669,student_8669,85,59
8670,student_8670,54,61
8671,student_8671,70,87
8672,student_8672,61,87
8673,student_8673,88,57
8674,student_8674,63,67
8675,student_8675,85,66
8676,student_8676,54,63
8677,student_8677,62,98
8678,student_8678,87,84
8679,student_8679,53,56
8680,student_8680,84,52
8681,student_8681,96,69
8682,student_8682,63,96
8683,student_8683,81,64
8684,student_8684,53,52
8685,student_8685,53,92
8686,student_8686,68,71
8687,student_8687,69,62
8688,student_8688,57,61
8689,student_8689,60,51
8690,student_8690,82,58
8691,student_8691,82,65
8692,student_8692,72,57
8693,student_8693,97,82
8694,student_8694,70,71
8695,student_8695,60,78
8696,student_8696,72,95
8697,student_8697,52,65
8698,student_8698,91,81
8699,student_8699,65,91
8700,student_8700,99,68
8701,student_8701,86,71
8702,student_8702,85,85
8703,student_8703,85,58
8704,student_8704,69,75
8705,student_8705,73,74
8706,student_8706,69,71
8707,student_8707,67,63
8708,student_8708,99,91
8709,student_8709,92,82
8710,student_8710,74,90
8711,student_8711,78,95
8712,student_8712,51,99
8713,student_8713,90,68
8714,student_8714,52,93
8715,student_8715,65,64
8716,student_8716,100,54
8717,student_8717,94,58
8718,student_8718,91,61
8719,student_8719,96,58
8720,student_8720,59,73
8721,student_8721,70,85
8722,student_8722,81,72
8723,student_8723,65,94
8724,student_8724,91,70
8725,student_8725,92,78
8726,student_8726,96,76
8727,student_8727,84,88
8728,student_8728,52,66
8729,student_8729,85,86
8730,student_8730,54,62
8731,student_8731,74,62
8732,student_8732,54,70
8733,student_8733,90,73
8734,student_8734,99,60
8735,student_8735,81,97
8736,student_8736,87,78
8737,student_8737,69,81
8738,student_8738,84,85
8739,student_8739,98,98
8740,student_8740,99,52
8741,student_8741,65,51
8742,student_8742,81,98
8743,student_8743,66,87
8744,student_8744,81,61
8745,student_8745,73,91
8746,student_8746,93,94
8747,student_8747,63,64
8748,student_8748,98,88
8749,student_8749,63,90
8750,student_8750,77,91
8751,student_8751,60,89
8752,student_8752,97,81
8753,student_8753,56,57
8754,student_8754,91,64
8755,student_8755,74,54
8756,student_8756,91,59
8757,student_8757,75,80
8758,student_8758,58,60
8759,student_8759,78,56
8760,student_8760,77,64
8761,student_8761,91,99
8762,student_8762,97,77
8763,student_8763,100,50
8764,student_8764,62,100
8765,student_8765,79,92
8766,student_8766,85,64
8767,student_8767,72,86
8768,student_8768,74,72
8769,student_8769,66,68
8770,student_8770,97,59
8771,student_8771,90,50
8772,student_8772,92,70
8773,student_8773,60,76
8774,student_8774,71,89
8775,student_8775,63,70
8776,student_8776,62,86
8777,student_8777,68,60
8778,student_8778,50,77
8779,student_8779,50,91
8780,student_8780,53,92
8781,student_8781,100,52
8782,student_8782,88,77
8783,student_8783,100,77
8784,student_8784,58,72
8785,student_8785,82,93
8786,student_8786,99,67
8787,student_8787,83,77
8788,student_8788,79,74
8789,student_8789,78,79
8790,student_8790,66,94
8791,student_8791,72,96
8792,student_8792,59,76
8793,student_8793,53,92
8794,student_8794,55,60
8795,student_8795,68,62
8796,student_8796,80,88
8797,student_8797,99,79
8798,student_8798,88,51
8799,student_8799,87,72
8800,student_8800,94,65
8801,student_8801,79,91
8802,student_8802,72,75
8803,student_8803,91,55
8804,student_8804,59,78
8805,student_8805,61,70
8806,student_8806,68,66
8807,student_8807,51,91
8808,student_8808,93,76
8809,student_8809,98,75
8810,student_8810,56,82
8811,student_8811,81,100
8812,student_8812,80,88
8813,student_8813,97,84
8814,student_8814,78,92
8815,student_8815,89,55
8816,student_8816,93,67
8817,student_8817,79,84
8818,student_8818,94,64
8819,student_8819,84,95
8820,student_8820,69,97
8821,student_8821,61,60
8822,student_8822,65,66
8823,student_8823,51,76
8824,student_8824,56,70
8825,student_8825,51,52
8826,student_8826,64,83
8827,student_8827,62,62
8828,student_8828,85,89
8829,student_8829,88,56
8830,student_8830,64,88
8831,student_8831,88,97
8832,student_8832,65,81
8833,student_8833,72,93
8834,student_8834,66,87
8835,student_8835,64,51
8836,student_8836,60,59
8837,student_8837,70,82
8838,student_8838,65,60
8839,student_8839,96,54
8840,student_8840,51,88
8841,student_8841,65,95
8842,student_8842,74,60
8843,student_8843,100,89
8844,student_8844,94,98
8845,student_8845,59,88
8846,student_8846,59,99
8847,student_8847,85,63
8848,student_8848,84,50
8849,student_8849,67,81
8850,student_8850,67,100
8851,student_8851,74,64
8852,student_8852,77,88
8853,student_8853,68,78
8854,student_8854,67,98
8855,student_8855,86,69
8856,student_8856,82,64
8857,student_8857,80,60
8858,student_8858,91,86
8859,student_8859,63,74
8860,student_8860,83,57
8861,student_8861,92,72
8862,student_8862,87,59
8863,student_8863,59,96
8864,student_8864,82,77
8865,student_8865,95,98
8866,student_8866,61,74
8867,student_8867,59,86
8868,student_8868,87,74
8869,student_8869,62,73
8870,student_8870,84,63
8871,student_8871,74,100
8872,student_8872,99,86
8873,student_8873,57,62
8874,student_8874,93,77
8875,student_8875,60,96
8876,student_8876,93,89
8877,student_8877,90,57
8878,student_8878,80,54
8879,student_8879,85,82
8880,student_8880,65,60
8881,student_8881,94,63
8882,student_8882,81,52
8883,student_8883,89,64
8884,student_8884,89,61
8885,student_8885,75,74
8886,student_8886,96,89
8887,student_8887,91,88
8888,student_8888,60,79
8889,student_8889,96,51
8890,student_8890,53,72
8891,student_8891,63,92
8892,student_8892,51,97
8893,student_8893,74,80
8894,student_8894,64,96
8895,student_8895,84,85
8896,student_8896,78,93
8897,student_8897,60,58
8898,student_8898,54,88
8899,student_8899,91,63
8900,student_8900,57,72
8901,student_8901,98,92
8902,student_8902,59,52
8903,student_8903,69,65
8904,student_8904,54,60
8905,student_8905,100,65
8906,student_8906,75,59
8907,student_8907,78,71
8908,student_8908,56,57
8909,student_8909,59,99
8910,student_8910,85,52
8911,student_8911,76,64
8912,student_8912,82,84
8913,student_8913,71,80
8914,student_8914,76,75
8915,student_8915,51,95
8916,student_8916,92,87
8917,student_8917,84,69
8918,student_8918,89,58
8919,student_8919,68,86
8920,student_8920,66,54
8921,student_8921,73,74
8922,student_8922,92,54
8923,student_8923,91,95
8924,student_8924,77,85
8925,student_8925,70,65
8926,student_8926,66,80
8927,student_8927,80,52
8928,student_8928,66,56
8929,student_8929,62,59
8930,student_8930,62,64
8931,student_8931,58,89
8932,student_8932,56,92
8933,student_8933,54,69
8934,student_8934,88,94
8935,student_8935,58,83
8936,student_8936,71,81
8937,student_8937,88,90
8938,student_8938,99,89
8939,student_8939,90,68
8940,student_8940,57,64
8941,student_8941,75,94
8942,student_8942,82,66
8943,student_8943,81,58
8944,student_8944,77,54
8945,student_8945,51,88
8946,student_8946,76,67
8947,student_8947,70,52
8948,student_8948,85,75
8949,student_8949,77,92
8950,student_8950,52,94
8951,student_8951,86,99
8952,student_8952,66,78
8953,student_8953,55,80
8954,student_8954,54,59
8955,student_8955,65,100
8956,student_8956,97,99
8957,student_8957,79,52
8958,student_8958,71,73
8959,student_8959,63,56
8960,student_8960,98,66
8961,student_8961,82,76
8962,student_8962,79,91
8963,student_8963,56,74
8964,student_8964,87,80
8965,student_8965,54,82
8966,student_8966,80,76
8967,student_8967,65,58
8968,student_8968,71,89
8969,student_8969,64,84
8970,student_8970,90,58
8971,student_8971,54,71
8972,student_8972,52,74
8973,student_8973,83,64
8974,student_8974,52,73
8975,student_8975,83,90
8976,student_8976,70,69
8977,student_8977,65,84
8978,student_8978,80,84
8979,student_8979,86,81
8980,student_8980,54,90
8981,student_8981,95,50
8982,student_8982,74,76
8983,student_8983,96,61
8984,student_8984,72,88
8985,student_8985,65,65
8986,student_8986,66,83
8987,student_8987,74,82
8988,student_8988,57,91
8989,student_8989,96,50
8990,student_8990,64,71
8991,student_8991,83,55
8992,student_8992,92,80
8993,student_8993,78,65
8994,student_8994,85,84
8995,student_8995,85,90
8996,student_8996,73,68
8997,student_8997,63,63
8998,student_8998,99,59
8999,student_8999,97,94
9000,student_9000,74,57
9001,student_9001,99,76
9002,student_9002,97,98
9003,student_9003,93,65
9004,student_9004,50,82
9005,student_9005,57,50
9006,student_9006,63,94
9007,student_9007,53,94
9008,student_9008,62,68
9009,student_9009,62,63
9010,student_9010,66,92
9011,student_9011,98,90
9012,student_9012,87,96
9013,student_9013,65,63
9014,student_9014,90,68
9015,student_9015,56,51
9016,student_9016,72,92
9017,student_9017,95,73
9018,student_9018,66,73
9019,student_9019,77,61
9020,student_9020,81,89
9021,student_9021,55,86
9022,student_9022,67,75
9023,student_9023,69,84
9024,student_9024,94,81
9025,student_9025,68,83
9026,student_9026,79,86
9027,student_9027,65,64
9028,student_9028,68,51
9029,student_9029,67,95
9030,student_9030,85,64
9031,student_9031,95,59
9032,student_9032,69,63
9033,student_9033,69,72
9034,student_9034,81,89
9035,student_9035,54,52
9036,student_9036,60,57
9037,student_9037,95,53
9038,student_9038,85,89
9039,student_9039,95,57
9040,student_9040,85,69
9041,student_9041,58,51
9042,student_9042,66,60
9043,student_9043,96,51
9044,student_9044,73,94
9045,student_9045,71,60
9046,student_9046,52,51
9047,student_9047,66,76
9048,student_9048,93,50
9049,student_9049,50,90
9050,student_9050,64,60
9051,student_9051,56,72
9052,student_9052,78,83
9053,student_9053,98,63
9054,student_9054,87,73
9055,student_9055,68,99
9056,student_9056,90,99
9057,student_9057,77,51
9058,student_9058,89,92
9059,student_9059,75,96
9060,student_9060,65,94
9061,student_9061,94,50
9062,student_9062,57,94
9063,student_9063,68,66
9064,student_9064,93,64
9065,student_9065,96,52
9066,student_9066,98,76
9067,student_9067,62,68
9068,student_9068,87,67
9069,student_9069,92,89
9070,student_9070,75,85
9071,student_9071,96,90
9072,student_9072,93,96
9073,student_9073,61,74
9074,student_9074,83,54
9075,student_9075,100,59
9076,student_9076,62,64
9077,student_9077,56,71
9078,student_9078,68,84
9079,student_9079,76,78
9080,student_9080,60,67
9081,student_9081,81,94
9082,student_9082,60,97
9083,student_9083,72,92
9084,student_9084,57,76
9085,student_9085,86,83
9086,student_9086,68,90
9087,student_9087,72,69
9088,student_9088,79,98
9089,student_9089,80,66
9090,student_9090,56,90
9091,student_9091,88,58
9092,student_9092,68,53
9093,student_9093,63,84
9094,student_9094,60,81
9095,student_9095,50,100
9096,student_9096,98,98
9097,student_9097,55,90
9098,student_9098,60,79
9099,student_9099,64,96
9100,student_9100,52,85
9101,student_9101,50,88
9102,student_9102,66,75
9103,student_9103,78,64
9104,student_9104,91,68
9105,student_9105,56,69
9106,student_9106,98,64
9107,student_9107,84,59
9108,student_9108,91,100
9109,student_9109,80,75
9110,student_9110,85,70
9111,student_9111,87,85
9112,student_9112,82,98
9113,student_9113,53,74
9114,student_9114,77,71
9115,student_9115,73,51
9116,student_9116,92,96
9117,student_9117,70,91
9118,student_9118,93,83
9119,student_9119,92,83
9120,student_9120,96,51
9121,student_9121,65,75
9122,student_9122,62,63
9123,student_9123,50,56
9124,student_9124,99,60
9125,student_9125,63,75
9126,student_9126,65,61
9127,student_9127,51,99
9128,student_9128,67,67
9129,student_9129,58,94
9130,student_9130,76,68
9131,student_9131,87,99
9132,student_9132,59,94
9133,student_9133,56,53
9134,student_9134,84,68
9135,student_9135,88,83
9136,student_9136,88,91
9137,student_9137,73,91
9138,student_9138,66,100
9139,student_9139,85,62
9140,student_9140,63,95
9141,student_9141,96,96
9142,student_9142,98,99
9143,student_9143,81,86
9144,student_9144,97,98
9145,student_9145,75,92
9146,student_9146,63,55
9147,student_9147,71,64
9148,student_9148,67,100
9149,student_9149,97,65
9150,student_9150,85,64
9151,student_9151,90,64
9152,student_9152,80,75
9153,student_9153,95,80
9154,student_9154,78,71
9155,student_9155,80,74
9156,student_9156,58,62
9157,student_9157,52,94
9158,student_9158,79,86
9159,student_9159,81,89
9160,student_9160,63,50
9161,student_9161,69,56
9162,student_9162,71,86
9163,student_9163,91,74
9164,student_9164,94,79
9165,student_9165,65,60
9166,student_9166,75,76
9167,student_9167,86,89
9168,student_9168,81,85
9169,student_9169,81,76
9170,student_9170,56,81
9171,student_9171,88,97
9172,student_9172,85,80
9173,student_9173,78,52
9174,student_9174,64,72
9175,student_9175,90,69
9176,student_9176,53,90
9177,student_9177,92,75
9178,student_9178,86,67
9179,student_9179,79,74
9180,student_9180,60,68
9181,student_9181,74,70
9182,student_9182,78,67
9183,student_9183,62,91
9184,student_9184,66,82
9185,student_9185,88,68
9186,student_9186,78,62
9187,student_9187,62,62
9188,student_9188,94,53
9189,student_9189,95,84
9190,student_9190,66,95
9191,student_9191,53,86
9192,student_9192,63,63
9193,student_9193,81,77
9194,student_9194,52,74
9195,student_9195,81,72
9196,student_9196,88,80
9197,student_9197,71,81
9198,student_9198,83,91
9199,student_9199,99,62
9200,student_9200,51,50
9201,student_9201,83,72
9202,student_9202,66,74
9203,student_9203,92,69
9204,student_9204,82,76
9205,student_9205,71,85
9206,student_9206,68,57
9207,student_9207,80,94
9208,student_9208,63,68
9209,student_9209,93,100
9210,student_9210,52,52
9211,student_9211,92,82
9212,student_9212,73,61
9213,student_9213,87,66
9214,student_9214,83,85
9215,student_9215,61,63
9216,student_9216,78,67
9217,student_9217,53,100
9218,student_9218,66,87
9219,student_9219,93,94
9220,student_9220,74,51
9221,student_9221,90,66
9222,student_9222,75,60
9223,student_9223,79,86
9224,student_9224,90,92
9225,student_9225,54,50
9226,student_9226,52,98
9227,student_9227,78,66
9228,student_9228,58,58
9229,student_9229,60,71
9230,student_9230,73,54
9231,student_9231,81,58
9232,student_9232,57,90
9233,student_9233,53,71
9234,student_9234,100,87
9235,student_9235,66,51
9236,student_9236,60,69
9237,student_9237,63,62
9238,student_9238,62,87
9239,student_9239,79,66
9240,student_9240,86,77
9241,student_9241,89,98
9242,student_9242,69,72
9243,student_9243,53,66
9244,student_9244,64,91
9245,student_9245,76,56
9246,student_9246,61,87
9247,student_9247,50,51
9248,student_9248,83,95
9249,student_9249,81,67
9250,student_9250,75,99
9251,student_9251,99,51
9252,student_9252,74,64
9253,student_9253,63,60
9254,student_9254,54,52
9255,student_9255,100,90
9256,student_9256,72,74
9257,student_9257,69,83
9258,student_9258,61,94
9259,student_9259,57,80
9260,student_9260,71,61
9261,student_9261,56,61
9262,student_9262,52,63
9263,student_9263,51,64
9264,student_9264,50,85
9265,student_9265,88,64
9266,student_9266,65,97
9267,student_9267,50,86
9268,student_9268,99,75
9269,student_9269,83,90
9270,student_9270,88,60
9271,student_9271,50,66
9272,student_9272,70,85
9273,student_9273,86,100
9274,student_9274,62,61
9275,student_9275,77,76
9276,student_9276,78,52
9277,student_9277,60,57
9278,student_9278,54,82
9279,student_9279,71,96
9280,student_9280,55,67
9281,student_9281,50,84
9282,student_9282,62,90
9283,student_9283,72,67
9284,student_9284,65,78
9285,student_9285,97,64
9286,student_9286,57,70
9287,student_9287,85,91
9288,student_9288,66,51
9289,student_9289,68,52
9290,student_9290,86,94
9291,student_9291,86,99
9292,student_9292,83,72
9293,student_9293,51,90
9294,student_9294,79,63
9295,student_9295,61,91
9296,student_9296,75,56
9297,student_9297,53,72
9298,student_9298,89,85
9299,student_9299,58,71
9300,student_9300,85,64
9301,student_9301,53,87
9302,student_9302,72,59
9303,student_9303,51,51
9304,student_9304,100,62
9305,student_9305,94,81
9306,student_9306,64,87
9307,student_9307,79,74
9308,student_9308,82,67
9309,student_9309,52,78
9310,student_9310,50,99
9311,student_9311,69,74
9312,student_9312,53,72
9313,student_9313,91,87
9314,student_9314,67,56
9315,student_9315,96,100
9316,student_9316,71,97
9317,student_9317,99,69
9318,student_9318,57,99
9319,student_9319,69,51
9320,student_9320,55,63
9321,student_9321,62,89
9322,student_9322,58,63
9323,student_9323,94,50
9324,student_9324,91,83
9325,student_9325,55,90
9326,student_9326,94,74
9327,student_9327,72,66
9328,student_9328,56,50
9329,student_9329,70,93
9330,student_9330,55,55
9331,student_9331,82,54
9332,student_9332,65,62
9333,student_9333,92,92
9334,student_9334,94,69
9335,student_9335,82,50
9336,student_9336,69,90
9337,student_9337,66,75
9338,student_9338,61,75
9339,student_9339,50,65
9340,student_9340,59,74
9341,student_9341,98,94
9342,student_9342,87,50
9343,student_9343,87,89
9344,student_9344,57,67
9345,student_9345,95,73
9346,student_9346,66,67
9347,student_9347,68,97
9348,student_9348,60,50
9349,student_9349,99,100
9350,student_9350,63,89
9351,student_9351,61,88
9352,student_9352,79,63
9353,student_9353,51,64
9354,student_9354,92,92
9355,student_9355,61,98
9356,student_9356,97,83
9357,student_9357,57,86
9358,student_9358,85,99
9359,student_9359,72,65
9360,student_9360,72,95
9361,student_9361,87,74
9362,student_9362,56,97
9363,student_9363,57,78
9364,student_9364,71,57
9365,student_9365,99,96
9366,student_9366,85,69
9367,student_9367,65,77
9368,student_9368,98,98
9369,student_9369,59,97
9370,student_9370,51,75
9371,student_9371,92,57
9372,student_9372,58,79
9373,student_9373,75,78
9374,student_9374,99,89
9375,student_9375,99,71
9376,student_9376,90,97
9377,student_9377,77,62
9378,student_9378,87,98
9379,student_9379,84,86
9380,student_9380,88,64
9381,student_9381,93,69
9382,student_9382,73,59
9383,student_9383,82,63
9384,student_9384,90,77
9385,student_9385,50,92
9386,student_9386,75,55
9387,student_9387,75,79
9388,student_9388,55,84
9389,student_9389,62,78
9390,student_9390,53,83
9391,student_9391,79,78
9392,student_9392,78,71
9393,student_9393,84,71
9394,student_9394,73,94
9395,student_9395,51,56
9396,student_9396,79,50
9397,student_9397,71,81
9398,student_9398,76,74
9399,student_9399,65,92
9400,student_9400,60,54
9401,student_9401,88,98
9402,student_9402,54,56
9403,student_9403,93,84
9404,student_9404,85,78
9405,student_9405,82,78
9406,student_9406,99,94
9407,student_9407,92,57
9408,student_9408,81,95
9409,student_9409,93,66
9410,student_9410,96,95
9411,student_9411,98,55
9412,student_9412,52,96
9413,student_9413,83,61
9414,student_9414,70,81
9415,student_9415,67,83
9416,student_9416,54,75
9417,student_9417,100,63
9418,student_9418,68,80
9419,student_9419,68,60
9420,student_9420,75,61
9421,student_9421,77,61
9422,student_9422,97,91
9423,student_9423,73,54
9424,student_9424,83,88
9425,student_9425,71,82
9426,student_9426,85,56
9427,student_9427,52,82
9428,student_9428,70,87
9429,student_9429,56,57
9430,student_9430,68,73
9431,student_9431,65,68
9432,student_9432,62,55
9433,student_9433,60,75
9434,student_9434,82,67
9435,student_9435,53,54
9436,student_9436,94,89
9437,student_9437,97,70
9438,student_9438,64,51
9439,student_9439,83,94
9440,student_9440,97,59
9441,student_9441,81,69
9442,student_9442,82,81
9443,student_9443,78,50
9444,student_9444,83,81
9445,student_9445,53,54
9446,student_9446,82,74
9447,student_9447,76,94
9448,student_9448,94,87
9449,student_9449,86,85
9450,student_9450,61,99
9451,student_9451,73,51
9452,student_9452,97,98
9453,student_9453,100,83
9454,student_9454,66,67
9455,student_9455,60,81
9456,student_9456,70,60
9457,student_9457,91,69
9458,student_9458,94,66
9459,student_9459,100,80
9460,student_9460,57,77
9461,student_9461,59,96
9462,student_9462,55,96
9463,student_9463,58,69
9464,student_9464,84,90
9465,student_9465,91,68
9466,student_9466,67,50
9467,student_9467,80,53
9468,student_9468,72,61
9469,student_9469,66,83
9470,student_9470,68,99
9471,student_9471,94,53
9472,student_9472,88,97
9473,student_9473,76,78
9474,student_9474,53,70
9475,student_9475,72,68
9476,student_9476,89,59
9477,student_9477,92,64
9478,student_9478,70,79
9479,student_9479,95,100
9480,student_9480,71,92
9481,student_9481,66,68
9482,student_9482,97,74
9483,student_9483,84,74
9484,student_9484,90,85
9485,student_9485,76,77
9486,student_9486,74,79
9487,student_9487,100,58
9488,student_9488,71,82
9489,student_9489,53,86
9490,student_9490,68,78
9491,student_9491,74,77
9492,student_9492,60,76
9493,student_9493,91,54
9494,student_9494,56,84
9495,student_9495,51,60
9496,student_9496,83,79
9497,student_9497,73,95
9498,student_9498,51,52
9499,student_9499,52,68
9500,student_9500,93,72
9501,student_9501,94,51
9502,student_9502,96,54
9503,student_9503,86,87
9504,student_9504,83,77
9505,student_9505,82,50
9506,student_9506,86,87
9507,student_9507,50,68
9508,student_9508,86,84
9509,student_9509,97,86
9510,student_9510,80,89
9511,student_9511,63,67
9512,student_9512,70,96
9513,student_9513,76,58
9514,student_9514,57,82
9515,student_9515,55,69
9516,student_9516,94,73
9517,student_9517,71,64
9518,student_9518,69,65
9519,student_9519,56,93
9520,student_9520,92,69
9521,student_9521,72,93
9522,student_9522,92,67
9523,student_9523,83,69
9524,student_9524,62,89
9525,student_9525,83,51
9526,student_9526,97,88
9527,student_9527,98,71
9528,student_9528,62,88
9529,student_9529,79,76
9530,student_9530,65,95
9531,student_9531,54,67
9532,student_9532,70,74
9533,student_9533,79,73
9534,student_9534,69,63
9535,student_9535,78,67
9536,student_9536,67,76
9537,student_9537,95,66
9538,student_9538,97,57
9539,student_9539,53,98
9540,student_9540,71,53
9541,student_9541,99,70
9542,student_9542,68,56
9543,student_9543,53,53
9544,student_9544,83,63
9545,student_9545,78,72
9546,student_9546,54,70
9547,student_9547,91,67
9548,student_9548,67,53
9549,student_9549,90,93
9550,student_9550,78,70
9551,student_9551,68,70
9552,student_9552,65,61
9553,student_9553,77,98
9554,student_9554,76,88
9555,student_9555,74,94
9556,student_9556,98,55
9557,student_9557,87,76
9558,student_9558,63,89
9559,student_9559,55,59
9560,student_9560,67,79
9561,student_9561,77,84
9562,student_9562,51,85
9563,student_9563,98,68
9564,student_9564,61,80
9565,student_9565,84,58
9566,student_9566,100,95
9567,student_9567,70,79
9568,student_9568,69,76
9569,student_9569,75,66
9570,student_9570,88,89
9571,student_9571,55,89
9572,student_9572,100,81
9573,student_9573,92,65
9574,student_9574,79,73
9575,student_9575,64,82
9576,student_9576,82,70
9577,student_9577,63,87
9578,student_9578,79,87
9579,student_9579,59,64
9580,student_9580,63,71
9581,student_9581,53,94
9582,student_9582,75,72
9583,student_9583,58,91
9584,student_9584,60,68
9585,student_9585,75,85
9586,student_9586,60,76
9587,student_9587,56,78
9588,student_9588,63,80
9589,student_9589,68,63
9590,student_9590,66,64
9591,student_9591,84,50
9592,student_9592,93,91
9593,student_9593,61,80
9594,student_9594,98,70
9595,student_9595,74,77
9596,student_9596,74,86
9597,student_9597,65,66
9598,student_9598,68,88
9599,student_9599,89,81
9600,student_9600,92,61
9601,student_9601,75,51
9602,student_9602,81,67
9603,student_9603,94,65
9604,student_9604,79,55
9605,student_9605,51,80
9606,student_9606,94,67
9607,student_9607,71,96
9608,student_9608,83,61
9609,student_9609,70,74
9610,student_9610,88,55
9611,student_9611,84,97
9612,student_9612,68,83
9613,student_9613,53,51
9614,student_9614,99,97
9615,student_9615,58,62
9616,student_9616,93,54
9617,student_9617,51,50
9618,student_9618,74,52
9619,student_9619,96,69
9620,student_9620,82,63
9621,student_9621,61,65
9622,student_9622,68,96
9623,student_9623,59,83
9624,student_9624,100,84
9625,student_9625,66,51
9626,student_9626,69,65
9627,student_9627,86,51
9628,student_9628,88,72
9629,student_9629,97,86
9630,student_9630,63,79
9631,student_9631,81,83
9632,student_9632,63,97
9633,student_9633,78,63
9634,student_9634,88,97
9635,student_9635,91,99
9636,student_9636,71,52
9637,student_9637,73,57
9638,student_9638,53,84
9639,student_9639,65,73
9640,student_9640,94,52
9641,student_9641,58,67
9642,student_9642,58,89
9643,student_9643,76,98
9644,student_9644,70,62
9645,student_9645,67,56
9646,student_9646,82,72
9647,student_9647,50,50
9648,student_9648,100,50
9649,student_9649,75,83
9650,student_9650,50,89
9651,student_9651,64,51
9652,student_9652,61,82
9653,student_9653,72,59
9654,student_9654,90,85
9655,student_9655,60,53
9656,student_9656,61,99
9657,student_9657,50,84
9658,student_9658,68,51
9659,student_9659,50,98
9660,student_9660,90,58
9661,student_9661,59,97
9662,student_9662,65,56
9663,student_9663,84,69
9664,student_9664,95,63
9665,student_9665,91,95
9666,student_9666,62,62
9667,student_9667,88,89
9668,student_9668,63,70
9669,student_9669,59,98
9670,student_9670,71,86
9671,student_9671,61,73
9672,student_9672,82,53
9673,student_9673,55,100
9674,student_9674,60,65
9675,student_9675,65,67
9676,student_9676,64,57
9677,student_9677,73,69
9678,student_9678,77,100
9679,student_9679,88,94
9680,student_9680,71,76
9681,student_9681,51,87
9682,student_9682,91,59
9683,student_9683,66,67
9684,student_9684,63,66
9685,student_9685,96,90
9686,student_9686,58,55
9687,student_9687,50,75
9688,student_9688,99,53
9689,student_9689,86,51
9690,student_9690,83,52
9691,student_9691,61,78
9692,student_9692,62,98
9693,student_9693,79,65
9694,student_9694,88,52
9695,student_9695,93,59
9696,student_9696,68,61
9697,student_9697,68,90
9698,student_9698,72,85
9699,student_9699,50,61
9700,student_9700,59,59
9701,student_9701,84,77
9702,student_9702,67,74
9703,student_9703,90,86
9704,student_9704,63,60
9705,student_9705,96,95
9706,student_9706,87,87
9707,student_9707,67,82
9708,student_9708,90,63
9709,student_9709,84,56
9710,student_9710,52,68
9711,student_9711,98,88
9712,student_9712,57,93
9713,student_9713,76,70
9714,student_9714,65,92
9715,student_9715,51,58
9716,student_9716,87,83
9717,student_9717,81,76
9718,student_9718,79,94
9719,student_9719,78,51
9720,student_9720,87,64
9721,student_9721,72,58
9722,student_9722,69,56
9723,student_9723,93,96
9724,student_9724,50,94
9725,student_9725,57,66
9726,student_9726,75,92
9727,student_9727,70,91
9728,student_9728,79,96
9729,student_9729,50,76
9730,student_9730,93,73
9731,student_9731,92,79
9732,student_9732,75,75
9733,student_9733,76,79
9734,student_9734,82,84
9735,student_9735,54,56
9736,student_9736,67,64
9737,student_9737,50,80
9738,student_9738,90,51
9739,student_9739,56,66
9740,student_9740,70,88
9741,student_9741,99,92
9742,student_9742,75,72
9743,student_9743,91,86
9744,student_9744,74,99
9745,student_9745,69,71
9746,student_9746,71,92
9747,student_9747,67,96
9748,student_9748,89,52
9749,student_9749,72,81
9750,student_9750,78,66
9751,student_9751,88,70
9752,student_9752,93,55
9753,student_9753,57,53
9754,student_9754,81,53
9755,student_9755,71,98
9756,student_9756,53,91
9757,student_9757,94,72
9758,student_9758,96,71
9759,student_9759,54,78
9760,student_9760,63,86
9761,student_9761,81,79
9762,student_9762,65,89
9763,student_9763,51,77
9764,student_9764,84,64
9765,student_9765,84,86
9766,student_9766,90,96
9767,student_9767,67,59
9768,student_9768,67,68
9769,student_9769,85,95
9770,student_9770,67,67
9771,student_9771,99,59
9772,student_9772,84,68
9773,student_9773,94,85
9774,student_9774,71,56
9775,student_9775,82,67
9776,student_9776,100,86
9777,student_9777,86,50
9778,student_9778,98,57
9779,student_9779,88,67
9780,student_9780,80,88
9781,student_9781,90,78
9782,student_9782,98,78
9783,student_9783,62,97
9784,student_9784,89,77
9785,student_9785,91,100
9786,student_9786,83,72
9787,student_9787,96,97
9788,student_9788,79,65
9789,student_9789,94,84
9790,student_9790,76,55
9791,student_9791,93,73
9792,student_9792,69,80
9793,student_9793,72,71
9794,student_9794,71,67
9795,student_9795,58,59
9796,student_9796,93,62
9797,student_9797,69,65
9798,student_9798,96,57
9799,student_9799,91,85
9800,student_9800,91,99
9801,student_9801,69,57
9802,student_9802,99,96
9803,student_9803,83,77
9804,student_9804,91,94
9805,student_9805,51,83
9806,student_9806,64,81
9807,student_9807,78,54
9808,student_9808,51,67
9809,student_9809,86,59
9810,student_9810,93,68
9811,student_9811,99,56
9812,student_9812,82,62
9813,student_9813,55,74
9814,student_9814,77,56
9815,student_9815,94,61
9816,student_9816,58,67
9817,student_9817,50,96
9818,student_9818,68,76
9819,student_9819,86,81
9820,student_9820,52,59
9821,student_9821,93,98
9822,student_9822,91,93
9823,student_9823,57,85
9824,student_9824,90,62
9825,student_9825,56,78
9826,student_9826,76,88
9827,student_9827,93,96
9828,student_9828,58,53
9829,student_9829,64,74
9830,student_9830,73,67
9831,student_9831,74,76
9832,student_9832,89,73
9833,student_9833,74,91
9834,student_9834,52,93
9835,student_9835,57,92
9836,student_9836,75,77
9837,student_9837,80,98
9838,student_9838,96,77
9839,student_9839,83,100
9840,student_9840,58,59
9841,student_9841,85,82
9842,student_9842,78,68
9843,student_9843,73,63
9844,student_9844,78,88
9845,student_9845,68,86
9846,student_9846,50,77
9847,student_9847,61,76
9848,student_9848,67,82
9849,student_9849,77,79
9850,student_9850,50,74
9851,student_9851,51,70
9852,student_9852,65,65
9853,student_9853,92,78
9854,student_9854,90,73
9855,student_9855,88,65
9856,student_9856,62,76
9857,student_9857,52,71
9858,student_9858,65,91
9859,student_9859,66,68
9860,student_9860,90,70
9861,student_9861,77,70
9862,student_9862,94,56
9863,student_9863,52,73
9864,student_9864,88,69
9865,student_9865,65,96
9866,student_9866,73,56
9867,student_9867,86,66
9868,student_9868,92,69
9869,student_9869,52,87
9870,student_9870,63,83
9871,student_9871,60,60
9872,student_9872,98,93
9873,student_9873,59,90
9874,student_9874,52,100
9875,student_9875,98,89
9876,student_9876,98,51
9877,student_9877,72,63
9878,student_9878,80,70
9879,student_9879,62,51
9880,student_9880,99,63
9881,student_9881,57,77
9882,student_9882,91,50
9883,student_9883,82,51
9884,student_9884,62,86
9885,student_9885,87,73
9886,student_9886,59,75
9887,student_9887,79,60
9888,student_9888,91,69
9889,student_9889,64,87
9890,student_9890,66,86
9891,student_9891,51,85
9892,student_9892,98,96
9893,student_9893,91,53
9894,student_9894,51,78
9895,student_9895,51,84
9896,student_9896,55,99
9897,student_9897,70,89
9898,student_9898,75,74
9899,student_9899,65,95
9900,student_9900,86,87
9901,student_9901,58,58
9902,student_9902,97,57
9903,student_9903,57,100
9904,student_9904,70,100
9905,student_9905,66,69
9906,student_9906,63,55
9907,student_9907,68,52
9908,student_9908,88,53
9909,student_9909,87,64
9910,student_9910,75,56
9911,student_9911,74,95
9912,student_9912,76,59
9913,student_9913,90,60
9914,student_9914,64,96
9915,student_9915,76,77
9916,student_9916,62,83
9917,student_9917,90,57
9918,student_9918,69,59
9919,student_9919,82,81
9920,student_9920,87,67
9921,student_9921,56,54
9922,student_9922,78,87
9923,student_9923,98,98
9924,student_9924,100,74
9925,student_9925,68,85
9926,student_9926,62,85
9927,student_9927,74,92
9928,student_9928,100,62
9929,student_9929,79,73
9930,student_9930,70,97
9931,student_9931,61,90
9932,student_9932,92,54
9933,student_9933,99,74
9934,student_9934,89,66
9935,student_9935,59,71
9936,student_9936,77,58
9937,student_9937,79,89
9938,student_9938,77,51
9939,student_9939,93,73
9940,student_9940,61,86
9941,student_9941,98,80
9942,student_9942,84,72
9943,student_9943,53,71
9944,student_9944,81,76
9945,student_9945,83,61
9946,student_9946,78,52
9947,student_9947,68,92
9948,student_9948,73,54
9949,student_9949,83,98
9950,student_9950,61,63
9951,student_9951,52,51
9952,student_9952,72,80
9953,student_9953,82,94
9954,student_9954,99,59
9955,student_9955,72,95
9956,student_9956,99,72
9957,student_9957,87,53
9958,student_9958,54,95
9959,student_9959,90,60
9960,student_9960,80,96
9961,student_9961,67,100
9962,student_9962,69,67
9963,student_9963,83,68
9964,student_9964,74,83
9965,student_9965,99,63
9966,student_9966,55,87
9967,student_9967,77,50
9968,student_9968,99,96
9969,student_9969,57,53
9970,student_9970,100,87
9971,student_9971,80,57
9972,student_9972,96,93
9973,student_9973,50,97
9974,student_9974,73,75
9975,student_9975,74,70
9976,student_9976,94,88
9977,student_9977,93,92
9978,student_9978,69,68
9979,student_9979,80,55
9980,student_9980,56,83
9981,student_9981,96,53
9982,student_9982,56,68
9983,student_9983,98,80
9984,student_9984,66,57
9985,student_9985,62,81
9986,student_9986,56,98
9987,student_9987,85,55
9988,student_9988,88,51
9989,student_9989,62,100
9990,student_9990,79,58
9991,student_9991,75,55
9992,student_9992,57,87
9993,student_9993,89,79
9994,student_9994,97,77
9995,student_9995,93,86
9996,student_9996,53,66
9997,student_9997,96,81
9998,student_9998,81,97
9999,student_9999,95,98
10000,student_10000,51,62
